val_ser_val_val_athr|thr_ile_ala	6	1	31525_CM001149_779_rev
ala_phe_alaninol_thr_alaninol_phe	5	1	31521_GG770555_219_fwd
ala_ile_thr_ala_ala_ala	5	1	31525_CM001149_3967_fwd
ala_thr_ala_ala_val	4	1	34067_ACNO01000036_59_rev
gly_gly_ala	2	1	53567_AEKN01000012_106_fwd
ala_phe_val_ala_ala_ala_gly_gly_d-cys	8	1	none
glu_orn_ala	2	1	40037_JH376469_143_rev
val_ser_val_ala_thr_ile_leu	6	1	34067_ACNO01000082_187_rev
thr_ala_ala_leu	3	1	31525_CM001149_400_fwd
thr_ile_ala	2	1	34067_ACNO01000066_1_fwd
thr_ala_val_thr_d-ala_val	5	1	31525_CM001149_3747_fwd
ala_ala_ala	2	2	32503_ACII02000003_1704_fwd|40021_JH114301_578_rev
bmt_val_val_val	3	1	34067_ACNO01000082_123_fwd
ala_ser_horn_d-leu	3	1	34067_ACNO01000104_274_fwd
ala_ser_horn_leu	3	1	31525_CM001149_2480_rev
ala_phe_val_ala	3	1	72483_KE150412_3_rev
ala_thr_orn	2	1	31445_GG700813_104_rev
arg_gly_horn	2	1	34067_ACNO01000032_100_rev
