Alanine	Ala	A	C3H7NO2	O=C(O)C(N)C
Arginine	Arg	R	C6H14N4O2	O=C(O)C(N)CCC/N=C(\N)N
Asparagine	Asn	N	C4H8N2O3	O=C(N)C[C@H](N)C(=O)O
Asparticacid	Asp	D	C4H7NO4	O=C(O)CC(N)C(=O)O
Cysteine	Cys	C	C3H7NO2S	C([C@@H](C(=O)O)N)S
Glutamicacid	Glu	E	C5H9NO4	C(CC(=O)O)C(C(=O)O)N
Glutamine	Gln	Q	C5H10N2O3	O=C(N)CCC(N)C(=O)O
Glycine	Gly	G	C2H5NO2	C(C(=O)O)N
Histidine	His	H	C6H9N3O2	C1=C(NC=N1)C[C@@H](C(=O)O)N
Isoleucine	Ile	I	C6H13NO2	CC[C@H](C)[C@@H](C(=O)O)N
Leucine	Leu	L	C6H13NO2	CC(C)C[C@@H](C(=O)O)N
Lysine	Lys	K	C6H14N2O2	C(CCN)CC(C(=O)O)N
Methionine	Met	M	C5H11NO2S	CSCCC(C(=O)O)N
Phenylalanine	Phe	F	C9H11NO2	c1ccc(cc1)C[C@@H](C(=O)O)N
Proline	Pro	P	C5H9NO2	C1CC(NC1)C(=O)O
Serine	Ser	S	C3H7NO3	C([C@@H](C(=O)O)N)O
Threonine	Thr	T	C4H9NO3	C[C@H]([C@@H](C(=O)O)N)O
Tryptophan	Trp	W	C11H12N2O2	c1ccc2c(c1)c(c[nH]2)C[C@@H](C(=O)O)N
Tyrosine	Tyr	Y	C9H11NO3	N[C@@H](Cc1ccc(O)cc1)C(O)=O
Valine	Val	V	C5H11NO2	CC(C)[C@@H](C(=O)O)N
