1.000	22	svm_leu%0.5-F&forced_prediCAT_snn50_val%0.5-T&pHMM_trp%0.5-T&forced_prediCAT_snn50_d-gln%0.5-T&forced_prediCAT_snn50_d-leu%0.5-T&prediCAT_leu%0.5-T&pid%78.495-T&pHMM_abu|iva%0.5-T&pid%56.135-T&pid%47.235-T&LEAF_NODE-515
1.000	10	svm_leu%0.5-T&svm_ser%0.5-T&svm_val%0.5-T&svm_ala%0.5-T&svm_gly%0.5-T&svm_thr%0.5-F&forced_prediCAT_snn50_dhab|dht%0.5-T&forced_prediCAT_snn50_dhabu%0.5-T&forced_prediCAT_snn50_d-athr%0.5-T&forced_prediCAT_snn50_deoxy-thr%0.5-T&pid%78.255-T&prediCAT_thr%0.5-T&pid%75.49-T&pid%62.49-T&pid%60.465-T&pid%50.495-F&pid%51.515-F&pid%57.925-T&pid%53.05-F&LEAF_NODE-352
1.000	11	svm_leu%0.5-T&svm_ser%0.5-F&forced_prediCAT_snn50_d-ser%0.5-T&prediCAT_noh-val%0.5-T&pHMM_noh-val%0.5-T&prediCAT_ser%0.5-T&pid%59.745-F&pid%61.35-F&pid%67.955-F&pid%72.585-F&forced_prediCAT_snn50_ser%0.5-T&forced_prediCAT_snn50_dpr%0.5-F&LEAF_NODE-492
1.000	24	svm_leu%0.5-T&svm_ser%0.5-T&svm_val%0.5-T&svm_ala%0.5-T&svm_gly%0.5-T&svm_thr%0.5-F&forced_prediCAT_snn50_dhab|dht%0.5-T&forced_prediCAT_snn50_dhabu%0.5-T&forced_prediCAT_snn50_d-athr%0.5-T&forced_prediCAT_snn50_deoxy-thr%0.5-T&pid%78.255-T&prediCAT_thr%0.5-T&pid%75.49-T&pid%62.49-F&pid%69.68-T&pid%65.85-F&LEAF_NODE-358
1.000	10	svm_leu%0.5-T&svm_ser%0.5-T&svm_val%0.5-T&svm_ala%0.5-T&svm_gly%0.5-T&svm_thr%0.5-T&svm_asn%0.5-T&svm_cys%0.5-T&svm_asp%0.5-T&svm_hpg%0.5-T&svm_pro%0.5-T&svm_tyr%0.5-T&svm_glu%0.5-T&svm_ile%0.5-T&forced_prediCAT_snn50_dpg%0.5-T&forced_prediCAT_snn50_orn%0.5-T&svm_phe%0.5-T&svm_trp%0.5-T&svm_aad%0.5-T&svm_bht%0.5-T&forced_prediCAT_snn50_dab%0.5-T&svm_gln%0.5-T&forced_prediCAT_snn50_lys%0.5-T&svm_arg%0.5-T&svm_pip%0.5-T&pHMM_dhb%0.5-T&pHMM_horn%0.5-T&svm_iva%0.5-F&pid%60.74-T&pid%58.32-F&pid%58.695-F&pid%58.84-F&pid%60.335-F&LEAF_NODE-122
0.900	10	svm_leu%0.5-T&svm_ser%0.5-T&svm_val%0.5-T&svm_ala%0.5-T&svm_gly%0.5-T&svm_thr%0.5-T&svm_asn%0.5-T&svm_cys%0.5-T&svm_asp%0.5-T&svm_hpg%0.5-T&svm_pro%0.5-T&svm_tyr%0.5-T&svm_glu%0.5-T&svm_ile%0.5-T&forced_prediCAT_snn50_dpg%0.5-T&forced_prediCAT_snn50_orn%0.5-T&svm_phe%0.5-T&svm_trp%0.5-F&forced_prediCAT_snn50_trp%0.5-T&pid%83.01-T&pid%58.47-T&pid%53.675-F&LEAF_NODE-190
0.769	39	svm_leu%0.5-T&svm_ser%0.5-T&svm_val%0.5-T&svm_ala%0.5-T&svm_gly%0.5-T&svm_thr%0.5-F&forced_prediCAT_snn50_dhab|dht%0.5-T&forced_prediCAT_snn50_dhabu%0.5-T&forced_prediCAT_snn50_d-athr%0.5-T&forced_prediCAT_snn50_deoxy-thr%0.5-F&LEAF_NODE-332
0.905	21	svm_leu%0.5-T&svm_ser%0.5-T&svm_val%0.5-T&svm_ala%0.5-T&svm_gly%0.5-T&svm_thr%0.5-F&forced_prediCAT_snn50_dhab|dht%0.5-T&forced_prediCAT_snn50_dhabu%0.5-F&pid%90.66-T&LEAF_NODE-377
1.000	11	svm_leu%0.5-T&svm_ser%0.5-T&svm_val%0.5-T&svm_ala%0.5-T&svm_gly%0.5-T&svm_thr%0.5-T&svm_asn%0.5-T&svm_cys%0.5-T&svm_asp%0.5-T&svm_hpg%0.5-T&svm_pro%0.5-F&forced_prediCAT_snn50_pro|me-pro%0.5-T&forced_prediCAT_snn50_d-pro%0.5-T&pid%74.47-T&pid%64.695-F&pid%68.065-T&LEAF_NODE-269
0.727	11	svm_leu%0.5-F&forced_prediCAT_snn50_val%0.5-T&pHMM_trp%0.5-T&forced_prediCAT_snn50_d-gln%0.5-T&forced_prediCAT_snn50_d-leu%0.5-T&prediCAT_leu%0.5-T&pid%78.495-T&pHMM_abu|iva%0.5-F&LEAF_NODE-512
0.111	36	svm_leu%0.5-T&svm_ser%0.5-T&svm_val%0.5-T&svm_ala%0.5-T&svm_gly%0.5-T&svm_thr%0.5-T&svm_asn%0.5-T&svm_cys%0.5-T&svm_asp%0.5-T&svm_hpg%0.5-T&svm_pro%0.5-T&svm_tyr%0.5-T&svm_glu%0.5-T&svm_ile%0.5-T&forced_prediCAT_snn50_dpg%0.5-T&forced_prediCAT_snn50_orn%0.5-T&svm_phe%0.5-T&svm_trp%0.5-T&svm_aad%0.5-T&svm_bht%0.5-T&forced_prediCAT_snn50_dab%0.5-T&svm_gln%0.5-T&forced_prediCAT_snn50_lys%0.5-T&svm_arg%0.5-T&svm_pip%0.5-F&prediCAT_pip%0.5-F&pid%94.01-F&LEAF_NODE-138
0.882	17	svm_leu%0.5-T&svm_ser%0.5-T&svm_val%0.5-T&svm_ala%0.5-T&svm_gly%0.5-T&svm_thr%0.5-T&svm_asn%0.5-T&svm_cys%0.5-T&svm_asp%0.5-T&svm_hpg%0.5-T&svm_pro%0.5-T&svm_tyr%0.5-T&svm_glu%0.5-T&svm_ile%0.5-T&forced_prediCAT_snn50_dpg%0.5-T&forced_prediCAT_snn50_orn%0.5-T&svm_phe%0.5-F&forced_prediCAT_snn50_kyn%0.5-F&LEAF_NODE-194
0.857	7	svm_leu%0.5-T&svm_ser%0.5-T&svm_val%0.5-F&pHMM_d-val%0.5-T&forced_prediCAT_snn50_leu%0.5-T&pid%62.145-T&pid%54.76-T&pid%46.865-T&pid%44.89-T&pid%41.025-T&pid%40.105-T&LEAF_NODE-431
0.100	753	svm_leu%0.5-T&svm_ser%0.5-T&svm_val%0.5-T&svm_ala%0.5-T&svm_gly%0.5-T&svm_thr%0.5-T&svm_asn%0.5-T&svm_cys%0.5-T&svm_asp%0.5-T&svm_hpg%0.5-T&svm_pro%0.5-T&svm_tyr%0.5-T&svm_glu%0.5-T&svm_ile%0.5-T&forced_prediCAT_snn50_dpg%0.5-T&forced_prediCAT_snn50_orn%0.5-T&svm_phe%0.5-T&svm_trp%0.5-T&svm_aad%0.5-T&svm_bht%0.5-T&forced_prediCAT_snn50_dab%0.5-T&svm_gln%0.5-T&forced_prediCAT_snn50_lys%0.5-T&svm_arg%0.5-T&svm_pip%0.5-T&pHMM_dhb%0.5-T&pHMM_horn%0.5-T&svm_iva%0.5-T&forced_prediCAT_snn50_val%0.5-T&svm_lys%0.5-T&pHMM_orn%0.5-T&pHMM_me-asp%0.5-T&forced_prediCAT_snn50_phe-ac%0.5-T&forced_prediCAT_snn50_ala%0.5-T&forced_prediCAT_snn50_pro%0.5-T&pHMM_cys%0.5-T&pHMM_dhb|sal%0.5-T&prediCAT_4oh-pro%0.5-T&prediCAT_3oh-pro|3oh-4me-pro%0.5-T&prediCAT_4oh-5oh-orn%0.5-T&LEAF_NODE-79
1.000	12	svm_leu%0.5-T&svm_ser%0.5-T&svm_val%0.5-T&svm_ala%0.5-T&svm_gly%0.5-T&svm_thr%0.5-T&svm_asn%0.5-T&svm_cys%0.5-T&svm_asp%0.5-T&svm_hpg%0.5-T&svm_pro%0.5-T&svm_tyr%0.5-T&svm_glu%0.5-T&svm_ile%0.5-T&forced_prediCAT_snn50_dpg%0.5-T&forced_prediCAT_snn50_orn%0.5-T&svm_phe%0.5-T&svm_trp%0.5-T&svm_aad%0.5-T&svm_bht%0.5-T&forced_prediCAT_snn50_dab%0.5-T&svm_gln%0.5-T&forced_prediCAT_snn50_lys%0.5-T&svm_arg%0.5-T&svm_pip%0.5-F&prediCAT_pip%0.5-F&pid%94.01-T&LEAF_NODE-137
1.000	56	svm_leu%0.5-T&svm_ser%0.5-T&svm_val%0.5-T&svm_ala%0.5-T&svm_gly%0.5-T&svm_thr%0.5-T&svm_asn%0.5-T&svm_cys%0.5-T&svm_asp%0.5-T&svm_hpg%0.5-F&forced_prediCAT_snn50_hpg%0.5-F&pid%91.23-F&LEAF_NODE-290
1.000	35	svm_leu%0.5-T&svm_ser%0.5-T&svm_val%0.5-T&svm_ala%0.5-T&svm_gly%0.5-T&svm_thr%0.5-T&svm_asn%0.5-T&svm_cys%0.5-T&svm_asp%0.5-T&svm_hpg%0.5-F&forced_prediCAT_snn50_hpg%0.5-T&pid%87.34-T&pid%82.605-T&pid%54.595-F&forced_prediCAT_snn50_no_call%0.5-T&LEAF_NODE-283
0.769	13	svm_leu%0.5-T&svm_ser%0.5-T&svm_val%0.5-F&pHMM_d-val%0.5-T&forced_prediCAT_snn50_leu%0.5-T&pid%62.145-T&pid%54.76-T&pid%46.865-T&pid%44.89-F&LEAF_NODE-428
0.932	132	svm_leu%0.5-T&svm_ser%0.5-F&forced_prediCAT_snn50_d-ser%0.5-T&prediCAT_noh-val%0.5-T&pHMM_noh-val%0.5-T&prediCAT_ser%0.5-F&pid%99.81-F&pHMM_leu%0.5-T&LEAF_NODE-497
0.700	10	svm_leu%0.5-T&svm_ser%0.5-T&svm_val%0.5-F&pHMM_d-val%0.5-T&forced_prediCAT_snn50_leu%0.5-T&pid%62.145-T&pid%54.76-T&pid%46.865-T&pid%44.89-T&pid%41.025-F&pid%44.35-T&LEAF_NODE-433
0.593	27	svm_leu%0.5-T&svm_ser%0.5-T&svm_val%0.5-T&svm_ala%0.5-T&svm_gly%0.5-T&svm_thr%0.5-T&svm_asn%0.5-T&svm_cys%0.5-T&svm_asp%0.5-T&svm_hpg%0.5-T&svm_pro%0.5-T&svm_tyr%0.5-F&pid%50.855-T&pid%50.245-T&LEAF_NODE-231
0.923	13	svm_leu%0.5-T&svm_ser%0.5-T&svm_val%0.5-T&svm_ala%0.5-T&svm_gly%0.5-T&svm_thr%0.5-T&svm_asn%0.5-T&svm_cys%0.5-T&svm_asp%0.5-T&svm_hpg%0.5-T&svm_pro%0.5-T&svm_tyr%0.5-T&svm_glu%0.5-T&svm_ile%0.5-T&forced_prediCAT_snn50_dpg%0.5-T&forced_prediCAT_snn50_orn%0.5-T&svm_phe%0.5-F&forced_prediCAT_snn50_kyn%0.5-T&pHMM_gly%0.5-T&pid%60.43-T&pid%56.865-T&pid%44.71-F&pHMM_phe%0.5-T&LEAF_NODE-203
1.000	10	svm_leu%0.5-T&svm_ser%0.5-T&svm_val%0.5-T&svm_ala%0.5-T&svm_gly%0.5-T&svm_thr%0.5-T&svm_asn%0.5-T&svm_cys%0.5-T&svm_asp%0.5-T&svm_hpg%0.5-T&svm_pro%0.5-T&svm_tyr%0.5-T&svm_glu%0.5-T&svm_ile%0.5-F&pid%69.33-T&pid%66.74-T&pid%54.525-T&LEAF_NODE-217
1.000	18	svm_leu%0.5-T&svm_ser%0.5-T&svm_val%0.5-T&svm_ala%0.5-T&svm_gly%0.5-T&svm_thr%0.5-F&forced_prediCAT_snn50_dhab|dht%0.5-T&forced_prediCAT_snn50_dhabu%0.5-T&forced_prediCAT_snn50_d-athr%0.5-T&forced_prediCAT_snn50_deoxy-thr%0.5-T&pid%78.255-F&pid%99.815-F&prediCAT_thr%0.5-F&pHMM_thr%0.5-T&LEAF_NODE-373
1.000	12	svm_leu%0.5-T&svm_ser%0.5-T&svm_val%0.5-T&svm_ala%0.5-T&svm_gly%0.5-T&svm_thr%0.5-T&svm_asn%0.5-T&svm_cys%0.5-T&svm_asp%0.5-T&svm_hpg%0.5-T&svm_pro%0.5-T&svm_tyr%0.5-T&svm_glu%0.5-T&svm_ile%0.5-T&forced_prediCAT_snn50_dpg%0.5-T&forced_prediCAT_snn50_orn%0.5-T&svm_phe%0.5-T&svm_trp%0.5-T&svm_aad%0.5-T&svm_bht%0.5-T&forced_prediCAT_snn50_dab%0.5-T&svm_gln%0.5-T&forced_prediCAT_snn50_lys%0.5-T&svm_arg%0.5-T&svm_pip%0.5-T&pHMM_dhb%0.5-T&pHMM_horn%0.5-T&svm_iva%0.5-T&forced_prediCAT_snn50_val%0.5-T&svm_lys%0.5-T&pHMM_orn%0.5-T&pHMM_me-asp%0.5-T&forced_prediCAT_snn50_phe-ac%0.5-T&forced_prediCAT_snn50_ala%0.5-T&forced_prediCAT_snn50_pro%0.5-T&pHMM_cys%0.5-F&pid%52.86-T&LEAF_NODE-85
1.000	18	svm_leu%0.5-T&svm_ser%0.5-T&svm_val%0.5-T&svm_ala%0.5-T&svm_gly%0.5-T&svm_thr%0.5-T&svm_asn%0.5-T&svm_cys%0.5-T&svm_asp%0.5-F&pid%39.865-F&pid%51.875-T&pid%50.045-F&LEAF_NODE-296
1.000	78	svm_leu%0.5-T&svm_ser%0.5-T&svm_val%0.5-T&svm_ala%0.5-T&svm_gly%0.5-T&svm_thr%0.5-T&svm_asn%0.5-T&svm_cys%0.5-T&svm_asp%0.5-T&svm_hpg%0.5-T&svm_pro%0.5-T&svm_tyr%0.5-T&svm_glu%0.5-T&svm_ile%0.5-T&forced_prediCAT_snn50_dpg%0.5-T&forced_prediCAT_snn50_orn%0.5-T&svm_phe%0.5-F&forced_prediCAT_snn50_kyn%0.5-T&pHMM_gly%0.5-T&pid%60.43-F&pid%91.94-T&LEAF_NODE-209
1.000	123	svm_leu%0.5-T&svm_ser%0.5-T&svm_val%0.5-T&svm_ala%0.5-T&svm_gly%0.5-T&svm_thr%0.5-F&forced_prediCAT_snn50_dhab|dht%0.5-T&forced_prediCAT_snn50_dhabu%0.5-T&forced_prediCAT_snn50_d-athr%0.5-T&forced_prediCAT_snn50_deoxy-thr%0.5-T&pid%78.255-F&pid%99.815-T&LEAF_NODE-369
1.000	62	svm_leu%0.5-T&svm_ser%0.5-T&svm_val%0.5-T&svm_ala%0.5-T&svm_gly%0.5-T&svm_thr%0.5-T&svm_asn%0.5-T&svm_cys%0.5-T&svm_asp%0.5-F&pid%39.865-F&pid%51.875-F&prediCAT_asp%0.5-F&pid%98.645-T&LEAF_NODE-301
0.654	81	svm_leu%0.5-T&svm_ser%0.5-T&svm_val%0.5-T&svm_ala%0.5-T&svm_gly%0.5-T&svm_thr%0.5-T&svm_asn%0.5-T&svm_cys%0.5-T&svm_asp%0.5-T&svm_hpg%0.5-T&svm_pro%0.5-T&svm_tyr%0.5-T&svm_glu%0.5-T&svm_ile%0.5-T&forced_prediCAT_snn50_dpg%0.5-T&forced_prediCAT_snn50_orn%0.5-T&svm_phe%0.5-T&svm_trp%0.5-T&svm_aad%0.5-T&svm_bht%0.5-T&forced_prediCAT_snn50_dab%0.5-F&pid%92.375-T&forced_prediCAT_snn50_bht%0.5-T&LEAF_NODE-175
0.720	25	svm_leu%0.5-T&svm_ser%0.5-T&svm_val%0.5-T&svm_ala%0.5-T&svm_gly%0.5-T&svm_thr%0.5-F&forced_prediCAT_snn50_dhab|dht%0.5-T&forced_prediCAT_snn50_dhabu%0.5-T&forced_prediCAT_snn50_d-athr%0.5-F&pHMM_dhabu%0.5-T&LEAF_NODE-375
1.000	30	svm_leu%0.5-T&svm_ser%0.5-T&svm_val%0.5-T&svm_ala%0.5-T&svm_gly%0.5-T&svm_thr%0.5-T&svm_asn%0.5-T&svm_cys%0.5-T&svm_asp%0.5-T&svm_hpg%0.5-T&svm_pro%0.5-T&svm_tyr%0.5-T&svm_glu%0.5-T&svm_ile%0.5-T&forced_prediCAT_snn50_dpg%0.5-T&forced_prediCAT_snn50_orn%0.5-T&svm_phe%0.5-F&forced_prediCAT_snn50_kyn%0.5-T&pHMM_gly%0.5-T&pid%60.43-F&pid%91.94-F&prediCAT_phe%0.5-F&LEAF_NODE-212
0.909	11	svm_leu%0.5-T&svm_ser%0.5-T&svm_val%0.5-T&svm_ala%0.5-T&svm_gly%0.5-T&svm_thr%0.5-T&svm_asn%0.5-F&pid%99.865-T&pid%81.3-T&pHMM_asp%0.5-F&LEAF_NODE-316
1.000	32	svm_leu%0.5-T&svm_ser%0.5-T&svm_val%0.5-T&svm_ala%0.5-T&svm_gly%0.5-T&svm_thr%0.5-T&svm_asn%0.5-T&svm_cys%0.5-T&svm_asp%0.5-T&svm_hpg%0.5-T&svm_pro%0.5-T&svm_tyr%0.5-T&svm_glu%0.5-T&svm_ile%0.5-F&pid%69.33-F&pid%95.555-T&pid%80.3-T&pid%75.055-T&LEAF_NODE-223
0.909	11	svm_leu%0.5-T&svm_ser%0.5-T&svm_val%0.5-T&svm_ala%0.5-T&svm_gly%0.5-T&svm_thr%0.5-F&forced_prediCAT_snn50_dhab|dht%0.5-T&forced_prediCAT_snn50_dhabu%0.5-T&forced_prediCAT_snn50_d-athr%0.5-T&forced_prediCAT_snn50_deoxy-thr%0.5-T&pid%78.255-T&prediCAT_thr%0.5-T&pid%75.49-T&pid%62.49-T&pid%60.465-T&pid%50.495-F&pid%51.515-F&pid%57.925-F&LEAF_NODE-350
1.000	92	svm_leu%0.5-T&svm_ser%0.5-T&svm_val%0.5-T&svm_ala%0.5-T&svm_gly%0.5-F&pid%42.775-F&pid%65.3-T&pid%59.975-T&pid%53.675-T&LEAF_NODE-385
1.000	17	svm_leu%0.5-T&svm_ser%0.5-F&forced_prediCAT_snn50_d-ser%0.5-T&prediCAT_noh-val%0.5-T&pHMM_noh-val%0.5-T&prediCAT_ser%0.5-F&pid%99.81-F&pHMM_leu%0.5-F&LEAF_NODE-498
0.056	18	svm_leu%0.5-T&svm_ser%0.5-T&svm_val%0.5-T&svm_ala%0.5-T&svm_gly%0.5-T&svm_thr%0.5-F&forced_prediCAT_snn50_dhab|dht%0.5-T&forced_prediCAT_snn50_dhabu%0.5-T&forced_prediCAT_snn50_d-athr%0.5-T&forced_prediCAT_snn50_deoxy-thr%0.5-T&pid%78.255-T&prediCAT_thr%0.5-T&pid%75.49-T&pid%62.49-T&pid%60.465-T&pid%50.495-F&pid%51.515-T&LEAF_NODE-347
1.000	11	svm_leu%0.5-T&svm_ser%0.5-T&svm_val%0.5-T&svm_ala%0.5-T&svm_gly%0.5-T&svm_thr%0.5-T&svm_asn%0.5-T&svm_cys%0.5-T&svm_asp%0.5-T&svm_hpg%0.5-T&svm_pro%0.5-T&svm_tyr%0.5-T&svm_glu%0.5-T&svm_ile%0.5-T&forced_prediCAT_snn50_dpg%0.5-T&forced_prediCAT_snn50_orn%0.5-T&svm_phe%0.5-T&svm_trp%0.5-T&svm_aad%0.5-T&svm_bht%0.5-T&forced_prediCAT_snn50_dab%0.5-T&svm_gln%0.5-T&forced_prediCAT_snn50_lys%0.5-T&svm_arg%0.5-T&svm_pip%0.5-T&pHMM_dhb%0.5-T&pHMM_horn%0.5-T&svm_iva%0.5-F&pid%60.74-T&pid%58.32-T&pid%57.68-T&LEAF_NODE-115
0.944	18	svm_leu%0.5-T&svm_ser%0.5-T&svm_val%0.5-T&svm_ala%0.5-T&svm_gly%0.5-T&svm_thr%0.5-T&svm_asn%0.5-T&svm_cys%0.5-T&svm_asp%0.5-T&svm_hpg%0.5-T&svm_pro%0.5-T&svm_tyr%0.5-T&svm_glu%0.5-T&svm_ile%0.5-T&forced_prediCAT_snn50_dpg%0.5-T&forced_prediCAT_snn50_orn%0.5-T&svm_phe%0.5-T&svm_trp%0.5-T&svm_aad%0.5-T&svm_bht%0.5-T&forced_prediCAT_snn50_dab%0.5-T&svm_gln%0.5-T&forced_prediCAT_snn50_lys%0.5-T&svm_arg%0.5-T&svm_pip%0.5-T&pHMM_dhb%0.5-T&pHMM_horn%0.5-T&svm_iva%0.5-T&forced_prediCAT_snn50_val%0.5-T&svm_lys%0.5-T&pHMM_orn%0.5-T&pHMM_me-asp%0.5-T&forced_prediCAT_snn50_phe-ac%0.5-T&forced_prediCAT_snn50_ala%0.5-F&pid%86.205-F&pid%98.46-F&LEAF_NODE-90
0.947	19	svm_leu%0.5-F&forced_prediCAT_snn50_val%0.5-T&pHMM_trp%0.5-T&forced_prediCAT_snn50_d-gln%0.5-T&forced_prediCAT_snn50_d-leu%0.5-T&prediCAT_leu%0.5-T&pid%78.495-F&pid%81.375-F&pid%96.84-T&pid%83.265-T&LEAF_NODE-529
0.889	9	svm_leu%0.5-T&svm_ser%0.5-T&svm_val%0.5-T&svm_ala%0.5-T&svm_gly%0.5-T&svm_thr%0.5-T&svm_asn%0.5-T&svm_cys%0.5-T&svm_asp%0.5-T&svm_hpg%0.5-T&svm_pro%0.5-T&svm_tyr%0.5-T&svm_glu%0.5-T&svm_ile%0.5-T&forced_prediCAT_snn50_dpg%0.5-T&forced_prediCAT_snn50_orn%0.5-T&svm_phe%0.5-F&forced_prediCAT_snn50_kyn%0.5-T&pHMM_gly%0.5-T&pid%60.43-T&pid%56.865-F&pHMM_trp%0.5-F&pid%59.94-T&LEAF_NODE-207
1.000	69	svm_leu%0.5-F&forced_prediCAT_snn50_val%0.5-T&pHMM_trp%0.5-T&forced_prediCAT_snn50_d-gln%0.5-T&forced_prediCAT_snn50_d-leu%0.5-T&prediCAT_leu%0.5-T&pid%78.495-T&pHMM_abu|iva%0.5-T&pid%56.135-F&pid%68.435-F&LEAF_NODE-520
0.737	19	svm_leu%0.5-T&svm_ser%0.5-T&svm_val%0.5-F&pHMM_d-val%0.5-T&forced_prediCAT_snn50_leu%0.5-T&pid%62.145-T&pid%54.76-F&pid%57.57-F&pid%58.8-F&pid%59.525-F&LEAF_NODE-444
1.000	40	svm_leu%0.5-T&svm_ser%0.5-T&svm_val%0.5-T&svm_ala%0.5-T&svm_gly%0.5-T&svm_thr%0.5-F&forced_prediCAT_snn50_dhab|dht%0.5-T&forced_prediCAT_snn50_dhabu%0.5-T&forced_prediCAT_snn50_d-athr%0.5-T&forced_prediCAT_snn50_deoxy-thr%0.5-T&pid%78.255-F&pid%99.815-F&prediCAT_thr%0.5-T&LEAF_NODE-371
0.917	12	svm_leu%0.5-T&svm_ser%0.5-T&svm_val%0.5-T&svm_ala%0.5-T&svm_gly%0.5-F&pid%42.775-F&pid%65.3-T&pid%59.975-F&prediCAT_gly%0.5-T&pid%62.245-F&LEAF_NODE-396
0.333	3	svm_leu%0.5-T&svm_ser%0.5-T&svm_val%0.5-T&svm_ala%0.5-F&forced_prediCAT_snn50_3oh-3me-pro%0.5-T&pHMM_abu|iva%0.5-T&forced_prediCAT_snn50_ala%0.5-T&pid%70.595-F&prediCAT_no_call%0.5-T&LEAF_NODE-413
1.000	12	svm_leu%0.5-T&svm_ser%0.5-T&svm_val%0.5-T&svm_ala%0.5-T&svm_gly%0.5-T&svm_thr%0.5-T&svm_asn%0.5-T&svm_cys%0.5-T&svm_asp%0.5-T&svm_hpg%0.5-T&svm_pro%0.5-T&svm_tyr%0.5-F&pid%50.855-F&pid%99.44-T&pHMM_gly%0.5-F&LEAF_NODE-244
0.133	15	svm_leu%0.5-T&svm_ser%0.5-T&svm_val%0.5-F&pHMM_d-val%0.5-T&forced_prediCAT_snn50_leu%0.5-T&pid%62.145-T&pid%54.76-F&pid%57.57-T&LEAF_NODE-439
0.500	52	svm_leu%0.5-T&svm_ser%0.5-T&svm_val%0.5-T&svm_ala%0.5-T&svm_gly%0.5-T&svm_thr%0.5-T&svm_asn%0.5-T&svm_cys%0.5-T&svm_asp%0.5-T&svm_hpg%0.5-T&svm_pro%0.5-T&svm_tyr%0.5-T&svm_glu%0.5-T&svm_ile%0.5-T&forced_prediCAT_snn50_dpg%0.5-T&forced_prediCAT_snn50_orn%0.5-T&svm_phe%0.5-T&svm_trp%0.5-T&svm_aad%0.5-T&svm_bht%0.5-T&forced_prediCAT_snn50_dab%0.5-T&svm_gln%0.5-T&forced_prediCAT_snn50_lys%0.5-T&svm_arg%0.5-T&svm_pip%0.5-T&pHMM_dhb%0.5-T&pHMM_horn%0.5-T&svm_iva%0.5-T&forced_prediCAT_snn50_val%0.5-T&svm_lys%0.5-T&pHMM_orn%0.5-T&pHMM_me-asp%0.5-T&forced_prediCAT_snn50_phe-ac%0.5-T&forced_prediCAT_snn50_ala%0.5-T&forced_prediCAT_snn50_pro%0.5-F&LEAF_NODE-70
0.688	16	svm_leu%0.5-T&svm_ser%0.5-T&svm_val%0.5-F&pHMM_d-val%0.5-T&forced_prediCAT_snn50_leu%0.5-T&pid%62.145-F&pHMM_leu%0.5-F&LEAF_NODE-446
0.727	11	svm_leu%0.5-F&forced_prediCAT_snn50_val%0.5-T&pHMM_trp%0.5-T&forced_prediCAT_snn50_d-gln%0.5-F&LEAF_NODE-504
0.875	16	svm_leu%0.5-T&svm_ser%0.5-T&svm_val%0.5-T&svm_ala%0.5-T&svm_gly%0.5-T&svm_thr%0.5-T&svm_asn%0.5-T&svm_cys%0.5-T&svm_asp%0.5-T&svm_hpg%0.5-T&svm_pro%0.5-T&svm_tyr%0.5-T&svm_glu%0.5-T&svm_ile%0.5-T&forced_prediCAT_snn50_dpg%0.5-T&forced_prediCAT_snn50_orn%0.5-T&svm_phe%0.5-T&svm_trp%0.5-T&svm_aad%0.5-T&svm_bht%0.5-T&forced_prediCAT_snn50_dab%0.5-T&svm_gln%0.5-T&forced_prediCAT_snn50_lys%0.5-T&svm_arg%0.5-T&svm_pip%0.5-T&pHMM_dhb%0.5-T&pHMM_horn%0.5-T&svm_iva%0.5-T&forced_prediCAT_snn50_val%0.5-T&svm_lys%0.5-F&pid%39.455-F&pid%58.555-T&pid%47.115-T&LEAF_NODE-105
1.000	19	svm_leu%0.5-T&svm_ser%0.5-T&svm_val%0.5-T&svm_ala%0.5-T&svm_gly%0.5-T&svm_thr%0.5-T&svm_asn%0.5-T&svm_cys%0.5-T&svm_asp%0.5-T&svm_hpg%0.5-T&svm_pro%0.5-T&svm_tyr%0.5-T&svm_glu%0.5-T&svm_ile%0.5-T&forced_prediCAT_snn50_dpg%0.5-T&forced_prediCAT_snn50_orn%0.5-T&svm_phe%0.5-T&svm_trp%0.5-T&svm_aad%0.5-T&svm_bht%0.5-T&forced_prediCAT_snn50_dab%0.5-T&svm_gln%0.5-T&forced_prediCAT_snn50_lys%0.5-T&svm_arg%0.5-T&svm_pip%0.5-T&pHMM_dhb%0.5-T&pHMM_horn%0.5-T&svm_iva%0.5-T&forced_prediCAT_snn50_val%0.5-T&svm_lys%0.5-T&pHMM_orn%0.5-T&pHMM_me-asp%0.5-T&forced_prediCAT_snn50_phe-ac%0.5-T&forced_prediCAT_snn50_ala%0.5-F&pid%86.205-F&pid%98.46-T&LEAF_NODE-89
1.000	25	svm_leu%0.5-T&svm_ser%0.5-T&svm_val%0.5-T&svm_ala%0.5-T&svm_gly%0.5-T&svm_thr%0.5-T&svm_asn%0.5-T&svm_cys%0.5-T&svm_asp%0.5-T&svm_hpg%0.5-F&forced_prediCAT_snn50_hpg%0.5-T&pid%87.34-T&pid%82.605-F&pid%84.3-F&prediCAT_no_call%0.5-F&LEAF_NODE-288
0.900	10	svm_leu%0.5-T&svm_ser%0.5-T&svm_val%0.5-T&svm_ala%0.5-T&svm_gly%0.5-T&svm_thr%0.5-F&forced_prediCAT_snn50_dhab|dht%0.5-T&forced_prediCAT_snn50_dhabu%0.5-T&forced_prediCAT_snn50_d-athr%0.5-T&forced_prediCAT_snn50_deoxy-thr%0.5-T&pid%78.255-T&prediCAT_thr%0.5-T&pid%75.49-T&pid%62.49-T&pid%60.465-T&pid%50.495-F&pid%51.515-F&pid%57.925-T&pid%53.05-T&LEAF_NODE-351
0.733	15	svm_leu%0.5-T&svm_ser%0.5-T&svm_val%0.5-T&svm_ala%0.5-T&svm_gly%0.5-T&svm_thr%0.5-F&forced_prediCAT_snn50_dhab|dht%0.5-T&forced_prediCAT_snn50_dhabu%0.5-T&forced_prediCAT_snn50_d-athr%0.5-F&pHMM_dhabu%0.5-F&LEAF_NODE-376
0.938	16	svm_leu%0.5-T&svm_ser%0.5-F&forced_prediCAT_snn50_d-ser%0.5-T&prediCAT_noh-val%0.5-T&pHMM_noh-val%0.5-T&prediCAT_ser%0.5-T&pid%59.745-F&pid%61.35-F&pid%67.955-F&pid%72.585-F&forced_prediCAT_snn50_ser%0.5-F&pid%90.02-F&LEAF_NODE-494
1.000	40	svm_leu%0.5-T&svm_ser%0.5-T&svm_val%0.5-T&svm_ala%0.5-T&svm_gly%0.5-T&svm_thr%0.5-T&svm_asn%0.5-T&svm_cys%0.5-T&svm_asp%0.5-T&svm_hpg%0.5-T&svm_pro%0.5-T&svm_tyr%0.5-T&svm_glu%0.5-T&svm_ile%0.5-T&forced_prediCAT_snn50_dpg%0.5-T&forced_prediCAT_snn50_orn%0.5-T&svm_phe%0.5-T&svm_trp%0.5-T&svm_aad%0.5-T&svm_bht%0.5-T&forced_prediCAT_snn50_dab%0.5-T&svm_gln%0.5-T&forced_prediCAT_snn50_lys%0.5-T&svm_arg%0.5-T&svm_pip%0.5-F&prediCAT_pip%0.5-T&pHMM_ala%0.5-T&LEAF_NODE-135
0.800	10	svm_leu%0.5-T&svm_ser%0.5-T&svm_val%0.5-T&svm_ala%0.5-T&svm_gly%0.5-T&svm_thr%0.5-T&svm_asn%0.5-T&svm_cys%0.5-F&pid%44.62-T&pid%44.38-F&LEAF_NODE-306
0.923	13	svm_leu%0.5-T&svm_ser%0.5-T&svm_val%0.5-T&svm_ala%0.5-T&svm_gly%0.5-T&svm_thr%0.5-F&forced_prediCAT_snn50_dhab|dht%0.5-T&forced_prediCAT_snn50_dhabu%0.5-T&forced_prediCAT_snn50_d-athr%0.5-T&forced_prediCAT_snn50_deoxy-thr%0.5-T&pid%78.255-T&prediCAT_thr%0.5-F&pid%56.505-F&pid%60.46-F&pid%63.25-F&pid%67.415-F&LEAF_NODE-368
1.000	99	svm_leu%0.5-T&svm_ser%0.5-T&svm_val%0.5-F&pHMM_d-val%0.5-T&forced_prediCAT_snn50_leu%0.5-T&pid%62.145-F&pHMM_leu%0.5-T&pid%96.685-T&pid%77.635-F&pid%79.115-F&pHMM_val%0.5-F&LEAF_NODE-458
0.881	202	svm_leu%0.5-T&svm_ser%0.5-T&svm_val%0.5-T&svm_ala%0.5-T&svm_gly%0.5-T&svm_thr%0.5-T&svm_asn%0.5-T&svm_cys%0.5-T&svm_asp%0.5-T&svm_hpg%0.5-T&svm_pro%0.5-T&svm_tyr%0.5-T&svm_glu%0.5-T&svm_ile%0.5-T&forced_prediCAT_snn50_dpg%0.5-T&forced_prediCAT_snn50_orn%0.5-F&LEAF_NODE-32
0.000	4	svm_leu%0.5-T&svm_ser%0.5-T&svm_val%0.5-T&svm_ala%0.5-T&svm_gly%0.5-T&svm_thr%0.5-T&svm_asn%0.5-T&svm_cys%0.5-T&svm_asp%0.5-T&svm_hpg%0.5-T&svm_pro%0.5-T&svm_tyr%0.5-F&pid%50.855-T&pid%50.245-F&LEAF_NODE-232
0.526	19	svm_leu%0.5-T&svm_ser%0.5-T&svm_val%0.5-T&svm_ala%0.5-T&svm_gly%0.5-T&svm_thr%0.5-T&svm_asn%0.5-T&svm_cys%0.5-T&svm_asp%0.5-T&svm_hpg%0.5-T&svm_pro%0.5-T&svm_tyr%0.5-T&svm_glu%0.5-T&svm_ile%0.5-T&forced_prediCAT_snn50_dpg%0.5-T&forced_prediCAT_snn50_orn%0.5-T&svm_phe%0.5-T&svm_trp%0.5-T&svm_aad%0.5-T&svm_bht%0.5-T&forced_prediCAT_snn50_dab%0.5-T&svm_gln%0.5-T&forced_prediCAT_snn50_lys%0.5-T&svm_arg%0.5-T&svm_pip%0.5-T&pHMM_dhb%0.5-T&pHMM_horn%0.5-T&svm_iva%0.5-F&pid%60.74-F&pid%63.2-T&LEAF_NODE-123
0.643	14	svm_leu%0.5-T&svm_ser%0.5-T&svm_val%0.5-T&svm_ala%0.5-T&svm_gly%0.5-T&svm_thr%0.5-T&svm_asn%0.5-T&svm_cys%0.5-T&svm_asp%0.5-T&svm_hpg%0.5-T&svm_pro%0.5-T&svm_tyr%0.5-T&svm_glu%0.5-T&svm_ile%0.5-T&forced_prediCAT_snn50_dpg%0.5-T&forced_prediCAT_snn50_orn%0.5-T&svm_phe%0.5-T&svm_trp%0.5-T&svm_aad%0.5-T&svm_bht%0.5-T&forced_prediCAT_snn50_dab%0.5-T&svm_gln%0.5-T&forced_prediCAT_snn50_lys%0.5-T&svm_arg%0.5-T&svm_pip%0.5-T&pHMM_dhb%0.5-T&pHMM_horn%0.5-T&svm_iva%0.5-T&forced_prediCAT_snn50_val%0.5-T&svm_lys%0.5-T&pHMM_orn%0.5-F&svm_no_call%0.5-F&pid%63.005-T&pid%54.505-T&pid%50.985-T&LEAF_NODE-97
1.000	15	svm_leu%0.5-T&svm_ser%0.5-F&forced_prediCAT_snn50_d-ser%0.5-T&prediCAT_noh-val%0.5-F&LEAF_NODE-476
0.978	276	svm_leu%0.5-T&svm_ser%0.5-T&svm_val%0.5-T&svm_ala%0.5-F&forced_prediCAT_snn50_3oh-3me-pro%0.5-T&pHMM_abu|iva%0.5-T&forced_prediCAT_snn50_ala%0.5-F&prediCAT_no_call%0.5-T&LEAF_NODE-415
1.000	62	svm_leu%0.5-T&svm_ser%0.5-F&forced_prediCAT_snn50_d-ser%0.5-T&prediCAT_noh-val%0.5-T&pHMM_noh-val%0.5-T&prediCAT_ser%0.5-T&pid%59.745-T&LEAF_NODE-481
0.000	10	svm_leu%0.5-T&svm_ser%0.5-T&svm_val%0.5-T&svm_ala%0.5-T&svm_gly%0.5-T&svm_thr%0.5-T&svm_asn%0.5-T&svm_cys%0.5-T&svm_asp%0.5-T&svm_hpg%0.5-T&svm_pro%0.5-F&forced_prediCAT_snn50_pro|me-pro%0.5-T&forced_prediCAT_snn50_d-pro%0.5-F&pHMM_pro%0.5-T&LEAF_NODE-271
1.000	76	svm_leu%0.5-T&svm_ser%0.5-T&svm_val%0.5-F&pHMM_d-val%0.5-T&forced_prediCAT_snn50_leu%0.5-T&pid%62.145-F&pHMM_leu%0.5-T&pid%96.685-T&pid%77.635-T&pid%69.025-T&LEAF_NODE-451
0.900	10	svm_leu%0.5-T&svm_ser%0.5-T&svm_val%0.5-T&svm_ala%0.5-T&svm_gly%0.5-T&svm_thr%0.5-T&svm_asn%0.5-T&svm_cys%0.5-T&svm_asp%0.5-T&svm_hpg%0.5-T&svm_pro%0.5-T&svm_tyr%0.5-T&svm_glu%0.5-T&svm_ile%0.5-T&forced_prediCAT_snn50_dpg%0.5-T&forced_prediCAT_snn50_orn%0.5-T&svm_phe%0.5-T&svm_trp%0.5-T&svm_aad%0.5-T&svm_bht%0.5-T&forced_prediCAT_snn50_dab%0.5-T&svm_gln%0.5-T&forced_prediCAT_snn50_lys%0.5-F&pHMM_ser%0.5-F&pid%88.79-F&LEAF_NODE-168
0.200	10	svm_leu%0.5-T&svm_ser%0.5-T&svm_val%0.5-T&svm_ala%0.5-T&svm_gly%0.5-T&svm_thr%0.5-T&svm_asn%0.5-T&svm_cys%0.5-T&svm_asp%0.5-T&svm_hpg%0.5-T&svm_pro%0.5-T&svm_tyr%0.5-T&svm_glu%0.5-T&svm_ile%0.5-T&forced_prediCAT_snn50_dpg%0.5-T&forced_prediCAT_snn50_orn%0.5-T&svm_phe%0.5-T&svm_trp%0.5-T&svm_aad%0.5-T&svm_bht%0.5-T&forced_prediCAT_snn50_dab%0.5-T&svm_gln%0.5-T&forced_prediCAT_snn50_lys%0.5-T&svm_arg%0.5-T&svm_pip%0.5-T&pHMM_dhb%0.5-T&pHMM_horn%0.5-T&svm_iva%0.5-T&forced_prediCAT_snn50_val%0.5-T&svm_lys%0.5-F&pid%39.455-T&LEAF_NODE-101
1.000	10	svm_leu%0.5-T&svm_ser%0.5-T&svm_val%0.5-T&svm_ala%0.5-T&svm_gly%0.5-T&svm_thr%0.5-F&forced_prediCAT_snn50_dhab|dht%0.5-T&forced_prediCAT_snn50_dhabu%0.5-T&forced_prediCAT_snn50_d-athr%0.5-T&forced_prediCAT_snn50_deoxy-thr%0.5-T&pid%78.255-T&prediCAT_thr%0.5-F&pid%56.505-F&pid%60.46-T&LEAF_NODE-363
1.000	42	svm_leu%0.5-T&svm_ser%0.5-T&svm_val%0.5-T&svm_ala%0.5-T&svm_gly%0.5-T&svm_thr%0.5-T&svm_asn%0.5-T&svm_cys%0.5-T&svm_asp%0.5-T&svm_hpg%0.5-T&svm_pro%0.5-T&svm_tyr%0.5-T&svm_glu%0.5-T&svm_ile%0.5-T&forced_prediCAT_snn50_dpg%0.5-T&forced_prediCAT_snn50_orn%0.5-T&svm_phe%0.5-T&svm_trp%0.5-T&svm_aad%0.5-T&svm_bht%0.5-F&pid%95.045-T&pid%92.005-T&LEAF_NODE-171
0.909	11	svm_leu%0.5-F&forced_prediCAT_snn50_val%0.5-T&pHMM_trp%0.5-T&forced_prediCAT_snn50_d-gln%0.5-T&forced_prediCAT_snn50_d-leu%0.5-T&prediCAT_leu%0.5-F&pid%79.86-F&pid%93.985-T&pid%90.735-F&LEAF_NODE-540
0.842	19	svm_leu%0.5-T&svm_ser%0.5-T&svm_val%0.5-T&svm_ala%0.5-T&svm_gly%0.5-T&svm_thr%0.5-T&svm_asn%0.5-T&svm_cys%0.5-T&svm_asp%0.5-T&svm_hpg%0.5-T&svm_pro%0.5-F&forced_prediCAT_snn50_pro|me-pro%0.5-T&forced_prediCAT_snn50_d-pro%0.5-T&pid%74.47-T&pid%64.695-T&pHMM_pro%0.5-T&LEAF_NODE-267
1.000	78	svm_leu%0.5-T&svm_ser%0.5-T&svm_val%0.5-T&svm_ala%0.5-T&svm_gly%0.5-T&svm_thr%0.5-T&svm_asn%0.5-T&svm_cys%0.5-T&svm_asp%0.5-T&svm_hpg%0.5-T&svm_pro%0.5-T&svm_tyr%0.5-T&svm_glu%0.5-T&svm_ile%0.5-T&forced_prediCAT_snn50_dpg%0.5-T&forced_prediCAT_snn50_orn%0.5-T&svm_phe%0.5-T&svm_trp%0.5-T&svm_aad%0.5-T&svm_bht%0.5-F&pid%95.045-F&LEAF_NODE-170
0.909	11	svm_leu%0.5-F&forced_prediCAT_snn50_val%0.5-T&pHMM_trp%0.5-T&forced_prediCAT_snn50_d-gln%0.5-T&forced_prediCAT_snn50_d-leu%0.5-T&prediCAT_leu%0.5-T&pid%78.495-T&pHMM_abu|iva%0.5-T&pid%56.135-F&pid%68.435-T&pid%67.87-F&LEAF_NODE-522
1.000	16	svm_leu%0.5-T&svm_ser%0.5-T&svm_val%0.5-F&pHMM_d-val%0.5-T&forced_prediCAT_snn50_leu%0.5-T&pid%62.145-F&pHMM_leu%0.5-T&pid%96.685-T&pid%77.635-F&pid%79.115-T&LEAF_NODE-455
0.000	13	svm_leu%0.5-T&svm_ser%0.5-T&svm_val%0.5-T&svm_ala%0.5-T&svm_gly%0.5-T&svm_thr%0.5-T&svm_asn%0.5-T&svm_cys%0.5-T&svm_asp%0.5-T&svm_hpg%0.5-T&svm_pro%0.5-T&svm_tyr%0.5-T&svm_glu%0.5-T&svm_ile%0.5-T&forced_prediCAT_snn50_dpg%0.5-T&forced_prediCAT_snn50_orn%0.5-T&svm_phe%0.5-F&forced_prediCAT_snn50_kyn%0.5-T&pHMM_gly%0.5-T&pid%60.43-T&pid%56.865-F&pHMM_trp%0.5-T&LEAF_NODE-205
1.000	10	svm_leu%0.5-T&svm_ser%0.5-T&svm_val%0.5-T&svm_ala%0.5-F&forced_prediCAT_snn50_3oh-3me-pro%0.5-T&pHMM_abu|iva%0.5-T&forced_prediCAT_snn50_ala%0.5-T&pid%70.595-T&pid%62.82-F&LEAF_NODE-406
0.000	8	svm_leu%0.5-T&svm_ser%0.5-T&svm_val%0.5-T&svm_ala%0.5-T&svm_gly%0.5-T&svm_thr%0.5-T&svm_asn%0.5-T&svm_cys%0.5-T&svm_asp%0.5-T&svm_hpg%0.5-T&svm_pro%0.5-T&svm_tyr%0.5-T&svm_glu%0.5-T&svm_ile%0.5-T&forced_prediCAT_snn50_dpg%0.5-T&forced_prediCAT_snn50_orn%0.5-T&svm_phe%0.5-T&svm_trp%0.5-T&svm_aad%0.5-T&svm_bht%0.5-T&forced_prediCAT_snn50_dab%0.5-T&svm_gln%0.5-T&forced_prediCAT_snn50_lys%0.5-T&svm_arg%0.5-T&svm_pip%0.5-T&pHMM_dhb%0.5-T&pHMM_horn%0.5-F&pid%61.72-T&LEAF_NODE-127
1.000	150	svm_leu%0.5-T&svm_ser%0.5-T&svm_val%0.5-T&svm_ala%0.5-T&svm_gly%0.5-T&svm_thr%0.5-T&svm_asn%0.5-T&svm_cys%0.5-T&svm_asp%0.5-T&svm_hpg%0.5-T&svm_pro%0.5-T&svm_tyr%0.5-T&svm_glu%0.5-T&svm_ile%0.5-T&forced_prediCAT_snn50_dpg%0.5-F&LEAF_NODE-30
0.941	17	svm_leu%0.5-T&svm_ser%0.5-T&svm_val%0.5-T&svm_ala%0.5-T&svm_gly%0.5-F&pid%42.775-F&pid%65.3-T&pid%59.975-T&pid%53.675-F&pid%54.715-T&LEAF_NODE-387
1.000	10	svm_leu%0.5-T&svm_ser%0.5-T&svm_val%0.5-T&svm_ala%0.5-T&svm_gly%0.5-T&svm_thr%0.5-T&svm_asn%0.5-F&pid%99.865-T&pid%81.3-F&pid%85.21-T&prediCAT_asn%0.5-F&LEAF_NODE-320
0.989	92	svm_leu%0.5-T&svm_ser%0.5-T&svm_val%0.5-T&svm_ala%0.5-T&svm_gly%0.5-T&svm_thr%0.5-T&svm_asn%0.5-T&svm_cys%0.5-T&svm_asp%0.5-T&svm_hpg%0.5-T&svm_pro%0.5-T&svm_tyr%0.5-T&svm_glu%0.5-T&svm_ile%0.5-T&forced_prediCAT_snn50_dpg%0.5-T&forced_prediCAT_snn50_orn%0.5-T&svm_phe%0.5-T&svm_trp%0.5-T&svm_aad%0.5-T&svm_bht%0.5-T&forced_prediCAT_snn50_dab%0.5-T&svm_gln%0.5-T&forced_prediCAT_snn50_lys%0.5-F&pHMM_ser%0.5-T&forced_prediCAT_snn50_d-leu%0.5-T&forced_prediCAT_snn50_leu%0.5-T&pid%58.27-F&pid%76.195-F&prediCAT_gln%0.5-T&LEAF_NODE-165
0.667	15	svm_leu%0.5-T&svm_ser%0.5-T&svm_val%0.5-T&svm_ala%0.5-T&svm_gly%0.5-T&svm_thr%0.5-T&svm_asn%0.5-T&svm_cys%0.5-T&svm_asp%0.5-T&svm_hpg%0.5-T&svm_pro%0.5-T&svm_tyr%0.5-T&svm_glu%0.5-T&svm_ile%0.5-T&forced_prediCAT_snn50_dpg%0.5-T&forced_prediCAT_snn50_orn%0.5-T&svm_phe%0.5-T&svm_trp%0.5-T&svm_aad%0.5-T&svm_bht%0.5-T&forced_prediCAT_snn50_dab%0.5-T&svm_gln%0.5-T&forced_prediCAT_snn50_lys%0.5-T&svm_arg%0.5-F&pid%39.81-T&LEAF_NODE-139
1.000	22	svm_leu%0.5-T&svm_ser%0.5-T&svm_val%0.5-T&svm_ala%0.5-T&svm_gly%0.5-T&svm_thr%0.5-T&svm_asn%0.5-T&svm_cys%0.5-T&svm_asp%0.5-T&svm_hpg%0.5-T&svm_pro%0.5-T&svm_tyr%0.5-T&svm_glu%0.5-F&pid%50.79-F&pHMM_asp%0.5-F&LEAF_NODE-240
1.000	299	svm_leu%0.5-T&svm_ser%0.5-F&forced_prediCAT_snn50_d-ser%0.5-T&prediCAT_noh-val%0.5-T&pHMM_noh-val%0.5-T&prediCAT_ser%0.5-F&pid%99.81-T&LEAF_NODE-495
1.000	64	svm_leu%0.5-T&svm_ser%0.5-T&svm_val%0.5-T&svm_ala%0.5-T&svm_gly%0.5-T&svm_thr%0.5-T&svm_asn%0.5-T&svm_cys%0.5-T&svm_asp%0.5-T&svm_hpg%0.5-T&svm_pro%0.5-T&svm_tyr%0.5-T&svm_glu%0.5-T&svm_ile%0.5-T&forced_prediCAT_snn50_dpg%0.5-T&forced_prediCAT_snn50_orn%0.5-T&svm_phe%0.5-T&svm_trp%0.5-T&svm_aad%0.5-T&svm_bht%0.5-T&forced_prediCAT_snn50_dab%0.5-F&pid%92.375-F&LEAF_NODE-174
1.000	20	svm_leu%0.5-T&svm_ser%0.5-T&svm_val%0.5-T&svm_ala%0.5-T&svm_gly%0.5-T&svm_thr%0.5-T&svm_asn%0.5-T&svm_cys%0.5-T&svm_asp%0.5-T&svm_hpg%0.5-T&svm_pro%0.5-T&svm_tyr%0.5-T&svm_glu%0.5-T&svm_ile%0.5-T&forced_prediCAT_snn50_dpg%0.5-T&forced_prediCAT_snn50_orn%0.5-T&svm_phe%0.5-T&svm_trp%0.5-T&svm_aad%0.5-F&pHMM_me-asp%0.5-T&pHMM_aad%0.5-T&pid%68.43-T&LEAF_NODE-181
0.941	17	svm_leu%0.5-T&svm_ser%0.5-T&svm_val%0.5-F&pHMM_d-val%0.5-F&pid%88.285-F&pid%95.785-F&prediCAT_d-val%0.5-T&LEAF_NODE-471
1.000	10	svm_leu%0.5-T&svm_ser%0.5-T&svm_val%0.5-T&svm_ala%0.5-T&svm_gly%0.5-T&svm_thr%0.5-T&svm_asn%0.5-T&svm_cys%0.5-T&svm_asp%0.5-T&svm_hpg%0.5-T&svm_pro%0.5-T&svm_tyr%0.5-T&svm_glu%0.5-T&svm_ile%0.5-T&forced_prediCAT_snn50_dpg%0.5-T&forced_prediCAT_snn50_orn%0.5-T&svm_phe%0.5-T&svm_trp%0.5-T&svm_aad%0.5-T&svm_bht%0.5-T&forced_prediCAT_snn50_dab%0.5-T&svm_gln%0.5-T&forced_prediCAT_snn50_lys%0.5-F&pHMM_ser%0.5-T&forced_prediCAT_snn50_d-leu%0.5-T&forced_prediCAT_snn50_leu%0.5-T&pid%58.27-T&pid%57.045-T&pid%54.07-F&LEAF_NODE-156
1.000	20	svm_leu%0.5-F&forced_prediCAT_snn50_val%0.5-F&pid%95.515-F&LEAF_NODE-544
1.000	18	svm_leu%0.5-T&svm_ser%0.5-T&svm_val%0.5-T&svm_ala%0.5-T&svm_gly%0.5-T&svm_thr%0.5-F&forced_prediCAT_snn50_dhab|dht%0.5-T&forced_prediCAT_snn50_dhabu%0.5-T&forced_prediCAT_snn50_d-athr%0.5-T&forced_prediCAT_snn50_deoxy-thr%0.5-T&pid%78.255-T&prediCAT_thr%0.5-T&pid%75.49-T&pid%62.49-F&pid%69.68-T&pid%65.85-T&pHMM_thr%0.5-T&LEAF_NODE-359
0.312	16	svm_leu%0.5-T&svm_ser%0.5-T&svm_val%0.5-T&svm_ala%0.5-T&svm_gly%0.5-T&svm_thr%0.5-F&forced_prediCAT_snn50_dhab|dht%0.5-T&forced_prediCAT_snn50_dhabu%0.5-F&pid%90.66-F&LEAF_NODE-378
1.000	160	svm_leu%0.5-T&svm_ser%0.5-T&svm_val%0.5-T&svm_ala%0.5-T&svm_gly%0.5-F&pid%42.775-F&pid%65.3-F&LEAF_NODE-382
1.000	13	svm_leu%0.5-T&svm_ser%0.5-T&svm_val%0.5-T&svm_ala%0.5-T&svm_gly%0.5-F&pid%42.775-F&pid%65.3-T&pid%59.975-T&pid%53.675-F&pid%54.715-F&prediCAT_gly%0.5-T&pid%56.175-F&LEAF_NODE-392
1.000	11	svm_leu%0.5-T&svm_ser%0.5-T&svm_val%0.5-T&svm_ala%0.5-T&svm_gly%0.5-T&svm_thr%0.5-T&svm_asn%0.5-T&svm_cys%0.5-T&svm_asp%0.5-T&svm_hpg%0.5-T&svm_pro%0.5-T&svm_tyr%0.5-T&svm_glu%0.5-T&svm_ile%0.5-T&forced_prediCAT_snn50_dpg%0.5-T&forced_prediCAT_snn50_orn%0.5-T&svm_phe%0.5-T&svm_trp%0.5-T&svm_aad%0.5-T&svm_bht%0.5-T&forced_prediCAT_snn50_dab%0.5-T&svm_gln%0.5-T&forced_prediCAT_snn50_lys%0.5-T&svm_arg%0.5-T&svm_pip%0.5-T&pHMM_dhb%0.5-T&pHMM_horn%0.5-T&svm_iva%0.5-T&forced_prediCAT_snn50_val%0.5-T&svm_lys%0.5-F&pid%39.455-F&pid%58.555-T&pid%47.115-F&pid%51.93-T&LEAF_NODE-107
0.731	26	svm_leu%0.5-F&forced_prediCAT_snn50_val%0.5-T&pHMM_trp%0.5-T&forced_prediCAT_snn50_d-gln%0.5-T&forced_prediCAT_snn50_d-leu%0.5-T&prediCAT_leu%0.5-F&pid%79.86-T&pid%77.75-F&LEAF_NODE-536
1.000	9	svm_leu%0.5-T&svm_ser%0.5-T&svm_val%0.5-T&svm_ala%0.5-T&svm_gly%0.5-T&svm_thr%0.5-T&svm_asn%0.5-T&svm_cys%0.5-T&svm_asp%0.5-T&svm_hpg%0.5-T&svm_pro%0.5-T&svm_tyr%0.5-T&svm_glu%0.5-T&svm_ile%0.5-T&forced_prediCAT_snn50_dpg%0.5-T&forced_prediCAT_snn50_orn%0.5-T&svm_phe%0.5-T&svm_trp%0.5-F&forced_prediCAT_snn50_trp%0.5-T&pid%83.01-T&pid%58.47-T&pid%53.675-T&pid%48.91-T&LEAF_NODE-191
0.000	12	svm_leu%0.5-T&svm_ser%0.5-T&svm_val%0.5-T&svm_ala%0.5-T&svm_gly%0.5-T&svm_thr%0.5-T&svm_asn%0.5-T&svm_cys%0.5-T&svm_asp%0.5-T&svm_hpg%0.5-T&svm_pro%0.5-T&svm_tyr%0.5-T&svm_glu%0.5-T&svm_ile%0.5-T&forced_prediCAT_snn50_dpg%0.5-T&forced_prediCAT_snn50_orn%0.5-T&svm_phe%0.5-F&forced_prediCAT_snn50_kyn%0.5-T&pHMM_gly%0.5-T&pid%60.43-T&pid%56.865-F&pHMM_trp%0.5-F&pid%59.94-F&LEAF_NODE-208
0.909	11	svm_leu%0.5-T&svm_ser%0.5-T&svm_val%0.5-T&svm_ala%0.5-T&svm_gly%0.5-T&svm_thr%0.5-T&svm_asn%0.5-T&svm_cys%0.5-T&svm_asp%0.5-T&svm_hpg%0.5-T&svm_pro%0.5-T&svm_tyr%0.5-T&svm_glu%0.5-T&svm_ile%0.5-T&forced_prediCAT_snn50_dpg%0.5-T&forced_prediCAT_snn50_orn%0.5-T&svm_phe%0.5-T&svm_trp%0.5-T&svm_aad%0.5-T&svm_bht%0.5-T&forced_prediCAT_snn50_dab%0.5-T&svm_gln%0.5-T&forced_prediCAT_snn50_lys%0.5-T&svm_arg%0.5-T&svm_pip%0.5-F&prediCAT_pip%0.5-T&pHMM_ala%0.5-F&LEAF_NODE-136
1.000	13	svm_leu%0.5-T&svm_ser%0.5-T&svm_val%0.5-F&pHMM_d-val%0.5-T&forced_prediCAT_snn50_leu%0.5-T&pid%62.145-F&pHMM_leu%0.5-T&pid%96.685-T&pid%77.635-F&pid%79.115-F&pHMM_val%0.5-T&pid%80.585-T&LEAF_NODE-459
0.917	24	svm_leu%0.5-T&svm_ser%0.5-T&svm_val%0.5-T&svm_ala%0.5-T&svm_gly%0.5-T&svm_thr%0.5-T&svm_asn%0.5-T&svm_cys%0.5-T&svm_asp%0.5-T&svm_hpg%0.5-T&svm_pro%0.5-F&forced_prediCAT_snn50_pro|me-pro%0.5-T&forced_prediCAT_snn50_d-pro%0.5-T&pid%74.47-T&pid%64.695-F&pid%68.065-F&LEAF_NODE-270
1.000	135	svm_leu%0.5-T&svm_ser%0.5-T&svm_val%0.5-T&svm_ala%0.5-T&svm_gly%0.5-T&svm_thr%0.5-T&svm_asn%0.5-T&svm_cys%0.5-T&svm_asp%0.5-T&svm_hpg%0.5-T&svm_pro%0.5-F&forced_prediCAT_snn50_pro|me-pro%0.5-T&forced_prediCAT_snn50_d-pro%0.5-T&pid%74.47-F&LEAF_NODE-264
0.692	13	svm_leu%0.5-T&svm_ser%0.5-T&svm_val%0.5-F&pHMM_d-val%0.5-T&forced_prediCAT_snn50_leu%0.5-T&pid%62.145-F&pHMM_leu%0.5-T&pid%96.685-F&pid%98.885-F&prediCAT_val%0.5-T&LEAF_NODE-463
0.882	51	svm_leu%0.5-T&svm_ser%0.5-T&svm_val%0.5-T&svm_ala%0.5-T&svm_gly%0.5-T&svm_thr%0.5-T&svm_asn%0.5-T&svm_cys%0.5-T&svm_asp%0.5-T&svm_hpg%0.5-T&svm_pro%0.5-T&svm_tyr%0.5-T&svm_glu%0.5-T&svm_ile%0.5-T&forced_prediCAT_snn50_dpg%0.5-T&forced_prediCAT_snn50_orn%0.5-T&svm_phe%0.5-T&svm_trp%0.5-T&svm_aad%0.5-T&svm_bht%0.5-T&forced_prediCAT_snn50_dab%0.5-T&svm_gln%0.5-T&forced_prediCAT_snn50_lys%0.5-T&svm_arg%0.5-T&svm_pip%0.5-T&pHMM_dhb%0.5-T&pHMM_horn%0.5-T&svm_iva%0.5-T&forced_prediCAT_snn50_val%0.5-F&prediCAT_no_call%0.5-T&LEAF_NODE-109
0.818	11	svm_leu%0.5-T&svm_ser%0.5-T&svm_val%0.5-T&svm_ala%0.5-T&svm_gly%0.5-T&svm_thr%0.5-T&svm_asn%0.5-T&svm_cys%0.5-T&svm_asp%0.5-T&svm_hpg%0.5-T&svm_pro%0.5-T&svm_tyr%0.5-T&svm_glu%0.5-T&svm_ile%0.5-F&pid%69.33-F&pid%95.555-T&pid%80.3-T&pid%75.055-F&forced_prediCAT_snn50_ile%0.5-F&LEAF_NODE-226
0.814	43	svm_leu%0.5-T&svm_ser%0.5-T&svm_val%0.5-F&pHMM_d-val%0.5-T&forced_prediCAT_snn50_leu%0.5-F&LEAF_NODE-420
0.923	26	svm_leu%0.5-T&svm_ser%0.5-F&forced_prediCAT_snn50_d-ser%0.5-T&prediCAT_noh-val%0.5-T&pHMM_noh-val%0.5-T&prediCAT_ser%0.5-T&pid%59.745-F&pid%61.35-F&pid%67.955-F&pid%72.585-F&forced_prediCAT_snn50_ser%0.5-F&pid%90.02-T&LEAF_NODE-493
0.727	11	svm_leu%0.5-T&svm_ser%0.5-T&svm_val%0.5-T&svm_ala%0.5-T&svm_gly%0.5-T&svm_thr%0.5-T&svm_asn%0.5-T&svm_cys%0.5-T&svm_asp%0.5-T&svm_hpg%0.5-T&svm_pro%0.5-T&svm_tyr%0.5-T&svm_glu%0.5-T&svm_ile%0.5-T&forced_prediCAT_snn50_dpg%0.5-T&forced_prediCAT_snn50_orn%0.5-T&svm_phe%0.5-T&svm_trp%0.5-T&svm_aad%0.5-F&pHMM_me-asp%0.5-T&pHMM_aad%0.5-T&pid%68.43-F&LEAF_NODE-182
1.000	16	svm_leu%0.5-T&svm_ser%0.5-T&svm_val%0.5-T&svm_ala%0.5-T&svm_gly%0.5-T&svm_thr%0.5-T&svm_asn%0.5-T&svm_cys%0.5-T&svm_asp%0.5-T&svm_hpg%0.5-T&svm_pro%0.5-T&svm_tyr%0.5-T&svm_glu%0.5-T&svm_ile%0.5-T&forced_prediCAT_snn50_dpg%0.5-T&forced_prediCAT_snn50_orn%0.5-T&svm_phe%0.5-T&svm_trp%0.5-T&svm_aad%0.5-T&svm_bht%0.5-T&forced_prediCAT_snn50_dab%0.5-T&svm_gln%0.5-T&forced_prediCAT_snn50_lys%0.5-T&svm_arg%0.5-T&svm_pip%0.5-T&pHMM_dhb%0.5-T&pHMM_horn%0.5-T&svm_iva%0.5-F&pid%60.74-F&pid%63.2-F&prediCAT_no_call%0.5-T&LEAF_NODE-125
0.091	11	svm_leu%0.5-F&forced_prediCAT_snn50_val%0.5-T&pHMM_trp%0.5-T&forced_prediCAT_snn50_d-gln%0.5-T&forced_prediCAT_snn50_d-leu%0.5-T&prediCAT_leu%0.5-T&pid%78.495-F&pid%81.375-F&pid%96.84-F&LEAF_NODE-528
0.857	49	svm_leu%0.5-T&svm_ser%0.5-T&svm_val%0.5-T&svm_ala%0.5-T&svm_gly%0.5-T&svm_thr%0.5-T&svm_asn%0.5-T&svm_cys%0.5-T&svm_asp%0.5-T&svm_hpg%0.5-T&svm_pro%0.5-T&svm_tyr%0.5-T&svm_glu%0.5-T&svm_ile%0.5-F&pid%69.33-F&pid%95.555-F&prediCAT_ile%0.5-F&LEAF_NODE-228
1.000	52	svm_leu%0.5-T&svm_ser%0.5-T&svm_val%0.5-T&svm_ala%0.5-T&svm_gly%0.5-T&svm_thr%0.5-T&svm_asn%0.5-T&svm_cys%0.5-T&svm_asp%0.5-T&svm_hpg%0.5-T&svm_pro%0.5-T&svm_tyr%0.5-T&svm_glu%0.5-T&svm_ile%0.5-T&forced_prediCAT_snn50_dpg%0.5-T&forced_prediCAT_snn50_orn%0.5-T&svm_phe%0.5-T&svm_trp%0.5-T&svm_aad%0.5-T&svm_bht%0.5-T&forced_prediCAT_snn50_dab%0.5-T&svm_gln%0.5-T&forced_prediCAT_snn50_lys%0.5-T&svm_arg%0.5-T&svm_pip%0.5-T&pHMM_dhb%0.5-F&LEAF_NODE-52
0.688	16	svm_leu%0.5-T&svm_ser%0.5-T&svm_val%0.5-T&svm_ala%0.5-F&forced_prediCAT_snn50_3oh-3me-pro%0.5-T&pHMM_abu|iva%0.5-T&forced_prediCAT_snn50_ala%0.5-T&pid%70.595-F&prediCAT_no_call%0.5-F&LEAF_NODE-414
1.000	36	svm_leu%0.5-T&svm_ser%0.5-T&svm_val%0.5-T&svm_ala%0.5-T&svm_gly%0.5-T&svm_thr%0.5-T&svm_asn%0.5-T&svm_cys%0.5-T&svm_asp%0.5-T&svm_hpg%0.5-T&svm_pro%0.5-T&svm_tyr%0.5-T&svm_glu%0.5-T&svm_ile%0.5-T&forced_prediCAT_snn50_dpg%0.5-T&forced_prediCAT_snn50_orn%0.5-T&svm_phe%0.5-T&svm_trp%0.5-T&svm_aad%0.5-T&svm_bht%0.5-T&forced_prediCAT_snn50_dab%0.5-T&svm_gln%0.5-T&forced_prediCAT_snn50_lys%0.5-T&svm_arg%0.5-T&svm_pip%0.5-T&pHMM_dhb%0.5-T&pHMM_horn%0.5-F&pid%61.72-F&pid%99.335-T&prediCAT_horn%0.5-F&LEAF_NODE-132
0.690	29	svm_leu%0.5-T&svm_ser%0.5-T&svm_val%0.5-T&svm_ala%0.5-T&svm_gly%0.5-T&svm_thr%0.5-T&svm_asn%0.5-T&svm_cys%0.5-T&svm_asp%0.5-T&svm_hpg%0.5-T&svm_pro%0.5-T&svm_tyr%0.5-T&svm_glu%0.5-T&svm_ile%0.5-T&forced_prediCAT_snn50_dpg%0.5-T&forced_prediCAT_snn50_orn%0.5-T&svm_phe%0.5-T&svm_trp%0.5-T&svm_aad%0.5-T&svm_bht%0.5-T&forced_prediCAT_snn50_dab%0.5-T&svm_gln%0.5-T&forced_prediCAT_snn50_lys%0.5-T&svm_arg%0.5-T&svm_pip%0.5-T&pHMM_dhb%0.5-T&pHMM_horn%0.5-T&svm_iva%0.5-T&forced_prediCAT_snn50_val%0.5-T&svm_lys%0.5-T&pHMM_orn%0.5-F&svm_no_call%0.5-F&pid%63.005-F&LEAF_NODE-94
1.000	22	svm_leu%0.5-T&svm_ser%0.5-T&svm_val%0.5-T&svm_ala%0.5-T&svm_gly%0.5-T&svm_thr%0.5-T&svm_asn%0.5-T&svm_cys%0.5-T&svm_asp%0.5-T&svm_hpg%0.5-T&svm_pro%0.5-T&svm_tyr%0.5-T&svm_glu%0.5-T&svm_ile%0.5-T&forced_prediCAT_snn50_dpg%0.5-T&forced_prediCAT_snn50_orn%0.5-T&svm_phe%0.5-F&forced_prediCAT_snn50_kyn%0.5-T&pHMM_gly%0.5-T&pid%60.43-T&pid%56.865-T&pid%44.71-F&pHMM_phe%0.5-F&LEAF_NODE-204
0.917	12	svm_leu%0.5-F&forced_prediCAT_snn50_val%0.5-T&pHMM_trp%0.5-T&forced_prediCAT_snn50_d-gln%0.5-T&forced_prediCAT_snn50_d-leu%0.5-T&prediCAT_leu%0.5-T&pid%78.495-F&pid%81.375-T&forced_prediCAT_snn50_leu%0.5-F&LEAF_NODE-526
1.000	11	svm_leu%0.5-T&svm_ser%0.5-T&svm_val%0.5-T&svm_ala%0.5-T&svm_gly%0.5-T&svm_thr%0.5-F&forced_prediCAT_snn50_dhab|dht%0.5-T&forced_prediCAT_snn50_dhabu%0.5-T&forced_prediCAT_snn50_d-athr%0.5-T&forced_prediCAT_snn50_deoxy-thr%0.5-T&pid%78.255-T&prediCAT_thr%0.5-F&pid%56.505-F&pid%60.46-F&pid%63.25-T&LEAF_NODE-365
0.990	102	svm_leu%0.5-T&svm_ser%0.5-T&svm_val%0.5-T&svm_ala%0.5-T&svm_gly%0.5-T&svm_thr%0.5-T&svm_asn%0.5-T&svm_cys%0.5-T&svm_asp%0.5-F&pid%39.865-F&pid%51.875-F&prediCAT_asp%0.5-F&pid%98.645-F&LEAF_NODE-302
1.000	59	svm_leu%0.5-T&svm_ser%0.5-T&svm_val%0.5-T&svm_ala%0.5-T&svm_gly%0.5-T&svm_thr%0.5-T&svm_asn%0.5-T&svm_cys%0.5-T&svm_asp%0.5-T&svm_hpg%0.5-T&svm_pro%0.5-T&svm_tyr%0.5-T&svm_glu%0.5-T&svm_ile%0.5-T&forced_prediCAT_snn50_dpg%0.5-T&forced_prediCAT_snn50_orn%0.5-T&svm_phe%0.5-T&svm_trp%0.5-T&svm_aad%0.5-T&svm_bht%0.5-T&forced_prediCAT_snn50_dab%0.5-T&svm_gln%0.5-T&forced_prediCAT_snn50_lys%0.5-T&svm_arg%0.5-F&pid%39.81-F&LEAF_NODE-140
1.000	12	svm_leu%0.5-T&svm_ser%0.5-T&svm_val%0.5-T&svm_ala%0.5-T&svm_gly%0.5-T&svm_thr%0.5-T&svm_asn%0.5-T&svm_cys%0.5-T&svm_asp%0.5-T&svm_hpg%0.5-T&svm_pro%0.5-T&svm_tyr%0.5-T&svm_glu%0.5-T&svm_ile%0.5-F&pid%69.33-T&pid%66.74-T&pid%54.525-F&LEAF_NODE-218
0.680	25	svm_leu%0.5-T&svm_ser%0.5-T&svm_val%0.5-T&svm_ala%0.5-T&svm_gly%0.5-T&svm_thr%0.5-T&svm_asn%0.5-T&svm_cys%0.5-T&svm_asp%0.5-T&svm_hpg%0.5-T&svm_pro%0.5-T&svm_tyr%0.5-T&svm_glu%0.5-T&svm_ile%0.5-T&forced_prediCAT_snn50_dpg%0.5-T&forced_prediCAT_snn50_orn%0.5-T&svm_phe%0.5-T&svm_trp%0.5-T&svm_aad%0.5-T&svm_bht%0.5-T&forced_prediCAT_snn50_dab%0.5-T&svm_gln%0.5-T&forced_prediCAT_snn50_lys%0.5-T&svm_arg%0.5-T&svm_pip%0.5-T&pHMM_dhb%0.5-T&pHMM_horn%0.5-F&pid%61.72-F&pid%99.335-F&LEAF_NODE-130
0.909	11	svm_leu%0.5-T&svm_ser%0.5-T&svm_val%0.5-T&svm_ala%0.5-T&svm_gly%0.5-T&svm_thr%0.5-T&svm_asn%0.5-T&svm_cys%0.5-T&svm_asp%0.5-T&svm_hpg%0.5-T&svm_pro%0.5-T&svm_tyr%0.5-T&svm_glu%0.5-T&svm_ile%0.5-T&forced_prediCAT_snn50_dpg%0.5-T&forced_prediCAT_snn50_orn%0.5-T&svm_phe%0.5-T&svm_trp%0.5-T&svm_aad%0.5-T&svm_bht%0.5-T&forced_prediCAT_snn50_dab%0.5-T&svm_gln%0.5-T&forced_prediCAT_snn50_lys%0.5-T&svm_arg%0.5-T&svm_pip%0.5-T&pHMM_dhb%0.5-T&pHMM_horn%0.5-F&pid%61.72-F&pid%99.335-T&prediCAT_horn%0.5-T&LEAF_NODE-131
1.000	19	svm_leu%0.5-T&svm_ser%0.5-T&svm_val%0.5-T&svm_ala%0.5-T&svm_gly%0.5-T&svm_thr%0.5-T&svm_asn%0.5-T&svm_cys%0.5-T&svm_asp%0.5-T&svm_hpg%0.5-T&svm_pro%0.5-T&svm_tyr%0.5-T&svm_glu%0.5-T&svm_ile%0.5-T&forced_prediCAT_snn50_dpg%0.5-T&forced_prediCAT_snn50_orn%0.5-T&svm_phe%0.5-T&svm_trp%0.5-T&svm_aad%0.5-T&svm_bht%0.5-T&forced_prediCAT_snn50_dab%0.5-T&svm_gln%0.5-T&forced_prediCAT_snn50_lys%0.5-T&svm_arg%0.5-T&svm_pip%0.5-T&pHMM_dhb%0.5-T&pHMM_horn%0.5-T&svm_iva%0.5-T&forced_prediCAT_snn50_val%0.5-T&svm_lys%0.5-T&pHMM_orn%0.5-T&pHMM_me-asp%0.5-T&forced_prediCAT_snn50_phe-ac%0.5-T&forced_prediCAT_snn50_ala%0.5-T&forced_prediCAT_snn50_pro%0.5-T&pHMM_cys%0.5-T&pHMM_dhb|sal%0.5-T&prediCAT_4oh-pro%0.5-T&prediCAT_3oh-pro|3oh-4me-pro%0.5-F&LEAF_NODE-78
1.000	48	svm_leu%0.5-T&svm_ser%0.5-T&svm_val%0.5-T&svm_ala%0.5-T&svm_gly%0.5-T&svm_thr%0.5-T&svm_asn%0.5-T&svm_cys%0.5-T&svm_asp%0.5-T&svm_hpg%0.5-T&svm_pro%0.5-F&forced_prediCAT_snn50_pro|me-pro%0.5-T&forced_prediCAT_snn50_d-pro%0.5-T&pid%74.47-T&pid%64.695-T&pHMM_pro%0.5-F&LEAF_NODE-268
1.000	37	svm_leu%0.5-T&svm_ser%0.5-T&svm_val%0.5-T&svm_ala%0.5-T&svm_gly%0.5-F&pid%42.775-F&pid%65.3-T&pid%59.975-T&pid%53.675-F&pid%54.715-F&prediCAT_gly%0.5-F&LEAF_NODE-390
1.000	27	svm_leu%0.5-T&svm_ser%0.5-T&svm_val%0.5-T&svm_ala%0.5-T&svm_gly%0.5-T&svm_thr%0.5-T&svm_asn%0.5-T&svm_cys%0.5-T&svm_asp%0.5-T&svm_hpg%0.5-T&svm_pro%0.5-T&svm_tyr%0.5-T&svm_glu%0.5-T&svm_ile%0.5-T&forced_prediCAT_snn50_dpg%0.5-T&forced_prediCAT_snn50_orn%0.5-T&svm_phe%0.5-T&svm_trp%0.5-T&svm_aad%0.5-T&svm_bht%0.5-T&forced_prediCAT_snn50_dab%0.5-T&svm_gln%0.5-T&forced_prediCAT_snn50_lys%0.5-T&svm_arg%0.5-T&svm_pip%0.5-T&pHMM_dhb%0.5-T&pHMM_horn%0.5-T&svm_iva%0.5-T&forced_prediCAT_snn50_val%0.5-T&svm_lys%0.5-T&pHMM_orn%0.5-T&pHMM_me-asp%0.5-T&forced_prediCAT_snn50_phe-ac%0.5-F&LEAF_NODE-66
1.000	124	svm_leu%0.5-F&forced_prediCAT_snn50_val%0.5-T&pHMM_trp%0.5-T&forced_prediCAT_snn50_d-gln%0.5-T&forced_prediCAT_snn50_d-leu%0.5-T&prediCAT_leu%0.5-F&pid%79.86-F&pid%93.985-F&LEAF_NODE-538
1.000	10	svm_leu%0.5-T&svm_ser%0.5-T&svm_val%0.5-T&svm_ala%0.5-T&svm_gly%0.5-T&svm_thr%0.5-T&svm_asn%0.5-T&svm_cys%0.5-T&svm_asp%0.5-T&svm_hpg%0.5-F&forced_prediCAT_snn50_hpg%0.5-T&pid%87.34-T&pid%82.605-T&pid%54.595-T&pid%48.815-F&LEAF_NODE-282
1.000	6	svm_leu%0.5-T&svm_ser%0.5-T&svm_val%0.5-T&svm_ala%0.5-F&forced_prediCAT_snn50_3oh-3me-pro%0.5-T&pHMM_abu|iva%0.5-T&forced_prediCAT_snn50_ala%0.5-T&pid%70.595-T&pid%62.82-T&pid%62.55-T&pid%55.655-F&LEAF_NODE-410
0.217	60	svm_leu%0.5-T&svm_ser%0.5-T&svm_val%0.5-T&svm_ala%0.5-T&svm_gly%0.5-T&svm_thr%0.5-T&svm_asn%0.5-T&svm_cys%0.5-T&svm_asp%0.5-T&svm_hpg%0.5-T&svm_pro%0.5-T&svm_tyr%0.5-T&svm_glu%0.5-T&svm_ile%0.5-T&forced_prediCAT_snn50_dpg%0.5-T&forced_prediCAT_snn50_orn%0.5-T&svm_phe%0.5-T&svm_trp%0.5-T&svm_aad%0.5-T&svm_bht%0.5-T&forced_prediCAT_snn50_dab%0.5-T&svm_gln%0.5-T&forced_prediCAT_snn50_lys%0.5-T&svm_arg%0.5-T&svm_pip%0.5-T&pHMM_dhb%0.5-T&pHMM_horn%0.5-T&svm_iva%0.5-T&forced_prediCAT_snn50_val%0.5-F&prediCAT_no_call%0.5-F&LEAF_NODE-110
1.000	11	svm_leu%0.5-T&svm_ser%0.5-T&svm_val%0.5-F&pHMM_d-val%0.5-T&forced_prediCAT_snn50_leu%0.5-T&pid%62.145-T&pid%54.76-T&pid%46.865-T&pid%44.89-T&pid%41.025-T&pid%40.105-F&LEAF_NODE-432
1.000	110	svm_leu%0.5-T&svm_ser%0.5-T&svm_val%0.5-T&svm_ala%0.5-T&svm_gly%0.5-T&svm_thr%0.5-T&svm_asn%0.5-T&svm_cys%0.5-T&svm_asp%0.5-T&svm_hpg%0.5-T&svm_pro%0.5-T&svm_tyr%0.5-T&svm_glu%0.5-T&svm_ile%0.5-T&forced_prediCAT_snn50_dpg%0.5-T&forced_prediCAT_snn50_orn%0.5-T&svm_phe%0.5-T&svm_trp%0.5-F&forced_prediCAT_snn50_trp%0.5-F&LEAF_NODE-184
1.000	15	svm_leu%0.5-T&svm_ser%0.5-T&svm_val%0.5-T&svm_ala%0.5-T&svm_gly%0.5-T&svm_thr%0.5-T&svm_asn%0.5-T&svm_cys%0.5-T&svm_asp%0.5-T&svm_hpg%0.5-T&svm_pro%0.5-T&svm_tyr%0.5-T&svm_glu%0.5-T&svm_ile%0.5-T&forced_prediCAT_snn50_dpg%0.5-T&forced_prediCAT_snn50_orn%0.5-T&svm_phe%0.5-T&svm_trp%0.5-T&svm_aad%0.5-T&svm_bht%0.5-T&forced_prediCAT_snn50_dab%0.5-T&svm_gln%0.5-T&forced_prediCAT_snn50_lys%0.5-T&svm_arg%0.5-T&svm_pip%0.5-T&pHMM_dhb%0.5-T&pHMM_horn%0.5-T&svm_iva%0.5-T&forced_prediCAT_snn50_val%0.5-T&svm_lys%0.5-T&pHMM_orn%0.5-T&pHMM_me-asp%0.5-T&forced_prediCAT_snn50_phe-ac%0.5-T&forced_prediCAT_snn50_ala%0.5-T&forced_prediCAT_snn50_pro%0.5-T&pHMM_cys%0.5-F&pid%52.86-F&LEAF_NODE-86
0.667	27	svm_leu%0.5-T&svm_ser%0.5-T&svm_val%0.5-T&svm_ala%0.5-T&svm_gly%0.5-T&svm_thr%0.5-T&svm_asn%0.5-T&svm_cys%0.5-T&svm_asp%0.5-T&svm_hpg%0.5-T&svm_pro%0.5-T&svm_tyr%0.5-T&svm_glu%0.5-T&svm_ile%0.5-T&forced_prediCAT_snn50_dpg%0.5-T&forced_prediCAT_snn50_orn%0.5-T&svm_phe%0.5-T&svm_trp%0.5-T&svm_aad%0.5-T&svm_bht%0.5-T&forced_prediCAT_snn50_dab%0.5-T&svm_gln%0.5-T&forced_prediCAT_snn50_lys%0.5-F&pHMM_ser%0.5-T&forced_prediCAT_snn50_d-leu%0.5-T&forced_prediCAT_snn50_leu%0.5-T&pid%58.27-T&pid%57.045-T&pid%54.07-T&LEAF_NODE-155
0.571	14	svm_leu%0.5-T&svm_ser%0.5-T&svm_val%0.5-T&svm_ala%0.5-T&svm_gly%0.5-T&svm_thr%0.5-T&svm_asn%0.5-T&svm_cys%0.5-T&svm_asp%0.5-T&svm_hpg%0.5-T&svm_pro%0.5-T&svm_tyr%0.5-T&svm_glu%0.5-T&svm_ile%0.5-T&forced_prediCAT_snn50_dpg%0.5-T&forced_prediCAT_snn50_orn%0.5-T&svm_phe%0.5-T&svm_trp%0.5-F&forced_prediCAT_snn50_trp%0.5-T&pid%83.01-F&LEAF_NODE-186
1.000	14	svm_leu%0.5-T&svm_ser%0.5-T&svm_val%0.5-T&svm_ala%0.5-T&svm_gly%0.5-T&svm_thr%0.5-T&svm_asn%0.5-T&svm_cys%0.5-T&svm_asp%0.5-T&svm_hpg%0.5-F&forced_prediCAT_snn50_hpg%0.5-T&pid%87.34-T&pid%82.605-F&pid%84.3-F&prediCAT_no_call%0.5-T&LEAF_NODE-287
0.500	14	svm_leu%0.5-F&forced_prediCAT_snn50_val%0.5-T&pHMM_trp%0.5-F&pid%57.175-F&LEAF_NODE-542
1.000	68	svm_leu%0.5-T&svm_ser%0.5-T&svm_val%0.5-T&svm_ala%0.5-T&svm_gly%0.5-T&svm_thr%0.5-F&forced_prediCAT_snn50_dhab|dht%0.5-F&LEAF_NODE-326
1.000	16	svm_leu%0.5-T&svm_ser%0.5-T&svm_val%0.5-T&svm_ala%0.5-F&forced_prediCAT_snn50_3oh-3me-pro%0.5-F&LEAF_NODE-398
0.857	14	svm_leu%0.5-T&svm_ser%0.5-T&svm_val%0.5-T&svm_ala%0.5-T&svm_gly%0.5-T&svm_thr%0.5-F&forced_prediCAT_snn50_dhab|dht%0.5-T&forced_prediCAT_snn50_dhabu%0.5-T&forced_prediCAT_snn50_d-athr%0.5-T&forced_prediCAT_snn50_deoxy-thr%0.5-T&pid%78.255-T&prediCAT_thr%0.5-T&pid%75.49-T&pid%62.49-T&pid%60.465-T&pid%50.495-T&pid%47.82-F&LEAF_NODE-346
1.000	163	svm_leu%0.5-T&svm_ser%0.5-T&svm_val%0.5-T&svm_ala%0.5-T&svm_gly%0.5-T&svm_thr%0.5-T&svm_asn%0.5-T&svm_cys%0.5-T&svm_asp%0.5-T&svm_hpg%0.5-F&forced_prediCAT_snn50_hpg%0.5-T&pid%87.34-F&LEAF_NODE-276
1.000	29	svm_leu%0.5-T&svm_ser%0.5-T&svm_val%0.5-T&svm_ala%0.5-T&svm_gly%0.5-T&svm_thr%0.5-F&forced_prediCAT_snn50_dhab|dht%0.5-T&forced_prediCAT_snn50_dhabu%0.5-T&forced_prediCAT_snn50_d-athr%0.5-T&forced_prediCAT_snn50_deoxy-thr%0.5-T&pid%78.255-T&prediCAT_thr%0.5-T&pid%75.49-T&pid%62.49-T&pid%60.465-T&pid%50.495-T&pid%47.82-T&LEAF_NODE-345
0.929	14	svm_leu%0.5-T&svm_ser%0.5-T&svm_val%0.5-T&svm_ala%0.5-T&svm_gly%0.5-T&svm_thr%0.5-T&svm_asn%0.5-T&svm_cys%0.5-T&svm_asp%0.5-F&pid%39.865-F&pid%51.875-F&prediCAT_asp%0.5-T&pid%89.41-F&LEAF_NODE-300
1.000	6	svm_leu%0.5-T&svm_ser%0.5-T&svm_val%0.5-T&svm_ala%0.5-T&svm_gly%0.5-T&svm_thr%0.5-F&forced_prediCAT_snn50_dhab|dht%0.5-T&forced_prediCAT_snn50_dhabu%0.5-T&forced_prediCAT_snn50_d-athr%0.5-T&forced_prediCAT_snn50_deoxy-thr%0.5-T&pid%78.255-T&prediCAT_thr%0.5-T&pid%75.49-T&pid%62.49-T&pid%60.465-F&pid%61.79-T&LEAF_NODE-353
1.000	65	svm_leu%0.5-T&svm_ser%0.5-T&svm_val%0.5-T&svm_ala%0.5-T&svm_gly%0.5-T&svm_thr%0.5-T&svm_asn%0.5-T&svm_cys%0.5-T&svm_asp%0.5-T&svm_hpg%0.5-T&svm_pro%0.5-T&svm_tyr%0.5-T&svm_glu%0.5-T&svm_ile%0.5-F&pid%69.33-F&pid%95.555-T&pid%80.3-F&LEAF_NODE-222
0.389	18	svm_leu%0.5-T&svm_ser%0.5-T&svm_val%0.5-F&pHMM_d-val%0.5-T&forced_prediCAT_snn50_leu%0.5-T&pid%62.145-F&pHMM_leu%0.5-T&pid%96.685-F&pid%98.885-T&LEAF_NODE-461
0.500	14	svm_leu%0.5-F&forced_prediCAT_snn50_val%0.5-T&pHMM_trp%0.5-T&forced_prediCAT_snn50_d-gln%0.5-T&forced_prediCAT_snn50_d-leu%0.5-T&prediCAT_leu%0.5-T&pid%78.495-F&pid%81.375-T&forced_prediCAT_snn50_leu%0.5-T&LEAF_NODE-525
0.937	174	svm_leu%0.5-T&svm_ser%0.5-T&svm_val%0.5-T&svm_ala%0.5-T&svm_gly%0.5-T&svm_thr%0.5-T&svm_asn%0.5-T&svm_cys%0.5-T&svm_asp%0.5-T&svm_hpg%0.5-T&svm_pro%0.5-T&svm_tyr%0.5-T&svm_glu%0.5-F&pid%50.79-F&pHMM_asp%0.5-T&LEAF_NODE-239
0.000	1	svm_leu%0.5-T&svm_ser%0.5-T&svm_val%0.5-T&svm_ala%0.5-T&svm_gly%0.5-T&svm_thr%0.5-T&svm_asn%0.5-T&svm_cys%0.5-T&svm_asp%0.5-T&svm_hpg%0.5-T&svm_pro%0.5-T&svm_tyr%0.5-T&svm_glu%0.5-T&svm_ile%0.5-T&forced_prediCAT_snn50_dpg%0.5-T&forced_prediCAT_snn50_orn%0.5-T&svm_phe%0.5-T&svm_trp%0.5-T&svm_aad%0.5-T&svm_bht%0.5-T&forced_prediCAT_snn50_dab%0.5-T&svm_gln%0.5-T&forced_prediCAT_snn50_lys%0.5-T&svm_arg%0.5-T&svm_pip%0.5-T&pHMM_dhb%0.5-T&pHMM_horn%0.5-T&svm_iva%0.5-T&forced_prediCAT_snn50_val%0.5-T&svm_lys%0.5-F&pid%39.455-F&pid%58.555-T&pid%47.115-F&pid%51.93-F&LEAF_NODE-108
0.775	151	svm_leu%0.5-T&svm_ser%0.5-T&svm_val%0.5-T&svm_ala%0.5-T&svm_gly%0.5-T&svm_thr%0.5-F&forced_prediCAT_snn50_dhab|dht%0.5-T&forced_prediCAT_snn50_dhabu%0.5-T&forced_prediCAT_snn50_d-athr%0.5-T&forced_prediCAT_snn50_deoxy-thr%0.5-T&pid%78.255-F&pid%99.815-F&prediCAT_thr%0.5-F&pHMM_thr%0.5-F&LEAF_NODE-374
1.000	15	svm_leu%0.5-T&svm_ser%0.5-T&svm_val%0.5-T&svm_ala%0.5-T&svm_gly%0.5-T&svm_thr%0.5-T&svm_asn%0.5-T&svm_cys%0.5-T&svm_asp%0.5-T&svm_hpg%0.5-T&svm_pro%0.5-T&svm_tyr%0.5-T&svm_glu%0.5-T&svm_ile%0.5-F&pid%69.33-F&pid%95.555-F&prediCAT_ile%0.5-T&LEAF_NODE-227
0.050	20	svm_leu%0.5-T&svm_ser%0.5-T&svm_val%0.5-T&svm_ala%0.5-T&svm_gly%0.5-T&svm_thr%0.5-T&svm_asn%0.5-T&svm_cys%0.5-T&svm_asp%0.5-T&svm_hpg%0.5-T&svm_pro%0.5-T&svm_tyr%0.5-T&svm_glu%0.5-T&svm_ile%0.5-T&forced_prediCAT_snn50_dpg%0.5-T&forced_prediCAT_snn50_orn%0.5-T&svm_phe%0.5-T&svm_trp%0.5-T&svm_aad%0.5-T&svm_bht%0.5-T&forced_prediCAT_snn50_dab%0.5-T&svm_gln%0.5-F&forced_prediCAT_snn50_d-gln%0.5-F&LEAF_NODE-142
1.000	19	svm_leu%0.5-T&svm_ser%0.5-T&svm_val%0.5-T&svm_ala%0.5-T&svm_gly%0.5-T&svm_thr%0.5-T&svm_asn%0.5-T&svm_cys%0.5-T&svm_asp%0.5-T&svm_hpg%0.5-T&svm_pro%0.5-T&svm_tyr%0.5-T&svm_glu%0.5-T&svm_ile%0.5-T&forced_prediCAT_snn50_dpg%0.5-T&forced_prediCAT_snn50_orn%0.5-T&svm_phe%0.5-T&svm_trp%0.5-T&svm_aad%0.5-T&svm_bht%0.5-T&forced_prediCAT_snn50_dab%0.5-T&svm_gln%0.5-T&forced_prediCAT_snn50_lys%0.5-T&svm_arg%0.5-T&svm_pip%0.5-T&pHMM_dhb%0.5-T&pHMM_horn%0.5-T&svm_iva%0.5-T&forced_prediCAT_snn50_val%0.5-T&svm_lys%0.5-T&pHMM_orn%0.5-T&pHMM_me-asp%0.5-T&forced_prediCAT_snn50_phe-ac%0.5-T&forced_prediCAT_snn50_ala%0.5-T&forced_prediCAT_snn50_pro%0.5-T&pHMM_cys%0.5-T&pHMM_dhb|sal%0.5-T&prediCAT_4oh-pro%0.5-F&LEAF_NODE-76
1.000	14	svm_leu%0.5-T&svm_ser%0.5-T&svm_val%0.5-T&svm_ala%0.5-T&svm_gly%0.5-T&svm_thr%0.5-T&svm_asn%0.5-T&svm_cys%0.5-T&svm_asp%0.5-T&svm_hpg%0.5-T&svm_pro%0.5-T&svm_tyr%0.5-T&svm_glu%0.5-T&svm_ile%0.5-T&forced_prediCAT_snn50_dpg%0.5-T&forced_prediCAT_snn50_orn%0.5-T&svm_phe%0.5-T&svm_trp%0.5-T&svm_aad%0.5-F&pHMM_me-asp%0.5-F&LEAF_NODE-178
0.833	12	svm_leu%0.5-F&forced_prediCAT_snn50_val%0.5-T&pHMM_trp%0.5-T&forced_prediCAT_snn50_d-gln%0.5-T&forced_prediCAT_snn50_d-leu%0.5-T&prediCAT_leu%0.5-T&pid%78.495-T&pHMM_abu|iva%0.5-T&pid%56.135-T&pid%47.235-F&pid%51.685-F&LEAF_NODE-518
1.000	33	svm_leu%0.5-T&svm_ser%0.5-T&svm_val%0.5-F&pHMM_d-val%0.5-T&forced_prediCAT_snn50_leu%0.5-T&pid%62.145-T&pid%54.76-T&pid%46.865-F&pHMM_val%0.5-F&pid%53.065-T&LEAF_NODE-437
1.000	17	svm_leu%0.5-T&svm_ser%0.5-T&svm_val%0.5-T&svm_ala%0.5-T&svm_gly%0.5-T&svm_thr%0.5-T&svm_asn%0.5-F&pid%99.865-F&pHMM_asn%0.5-T&LEAF_NODE-323
0.870	23	svm_leu%0.5-F&forced_prediCAT_snn50_val%0.5-F&pid%95.515-T&LEAF_NODE-543
1.000	10	svm_leu%0.5-T&svm_ser%0.5-F&forced_prediCAT_snn50_d-ser%0.5-T&prediCAT_noh-val%0.5-T&pHMM_noh-val%0.5-T&prediCAT_ser%0.5-T&pid%59.745-F&pid%61.35-F&pid%67.955-F&pid%72.585-T&LEAF_NODE-487
1.000	13	svm_leu%0.5-T&svm_ser%0.5-T&svm_val%0.5-F&pHMM_d-val%0.5-F&pid%88.285-T&LEAF_NODE-465
0.000	1	svm_leu%0.5-T&svm_ser%0.5-T&svm_val%0.5-T&svm_ala%0.5-T&svm_gly%0.5-T&svm_thr%0.5-T&svm_asn%0.5-T&svm_cys%0.5-T&svm_asp%0.5-T&svm_hpg%0.5-T&svm_pro%0.5-T&svm_tyr%0.5-T&svm_glu%0.5-T&svm_ile%0.5-T&forced_prediCAT_snn50_dpg%0.5-T&forced_prediCAT_snn50_orn%0.5-T&svm_phe%0.5-T&svm_trp%0.5-T&svm_aad%0.5-T&svm_bht%0.5-T&forced_prediCAT_snn50_dab%0.5-T&svm_gln%0.5-T&forced_prediCAT_snn50_lys%0.5-T&svm_arg%0.5-T&svm_pip%0.5-T&pHMM_dhb%0.5-T&pHMM_horn%0.5-T&svm_iva%0.5-T&forced_prediCAT_snn50_val%0.5-T&svm_lys%0.5-T&pHMM_orn%0.5-F&svm_no_call%0.5-F&pid%63.005-T&pid%54.505-F&LEAF_NODE-96
0.800	10	svm_leu%0.5-T&svm_ser%0.5-T&svm_val%0.5-T&svm_ala%0.5-T&svm_gly%0.5-T&svm_thr%0.5-T&svm_asn%0.5-T&svm_cys%0.5-T&svm_asp%0.5-F&pid%39.865-T&LEAF_NODE-291
0.300	10	svm_leu%0.5-T&svm_ser%0.5-T&svm_val%0.5-T&svm_ala%0.5-T&svm_gly%0.5-T&svm_thr%0.5-T&svm_asn%0.5-T&svm_cys%0.5-T&svm_asp%0.5-T&svm_hpg%0.5-T&svm_pro%0.5-T&svm_tyr%0.5-T&svm_glu%0.5-T&svm_ile%0.5-T&forced_prediCAT_snn50_dpg%0.5-T&forced_prediCAT_snn50_orn%0.5-T&svm_phe%0.5-F&forced_prediCAT_snn50_kyn%0.5-T&pHMM_gly%0.5-F&LEAF_NODE-196
0.933	15	svm_leu%0.5-T&svm_ser%0.5-T&svm_val%0.5-T&svm_ala%0.5-T&svm_gly%0.5-T&svm_thr%0.5-T&svm_asn%0.5-T&svm_cys%0.5-T&svm_asp%0.5-T&svm_hpg%0.5-T&svm_pro%0.5-T&svm_tyr%0.5-T&svm_glu%0.5-T&svm_ile%0.5-T&forced_prediCAT_snn50_dpg%0.5-T&forced_prediCAT_snn50_orn%0.5-T&svm_phe%0.5-T&svm_trp%0.5-T&svm_aad%0.5-T&svm_bht%0.5-T&forced_prediCAT_snn50_dab%0.5-T&svm_gln%0.5-T&forced_prediCAT_snn50_lys%0.5-T&svm_arg%0.5-T&svm_pip%0.5-T&pHMM_dhb%0.5-T&pHMM_horn%0.5-T&svm_iva%0.5-F&pid%60.74-F&pid%63.2-F&prediCAT_no_call%0.5-F&LEAF_NODE-126
1.000	74	svm_leu%0.5-T&svm_ser%0.5-T&svm_val%0.5-T&svm_ala%0.5-T&svm_gly%0.5-T&svm_thr%0.5-T&svm_asn%0.5-F&pid%99.865-T&pid%81.3-F&pid%85.21-F&prediCAT_no_call%0.5-T&LEAF_NODE-321
1.000	19	svm_leu%0.5-T&svm_ser%0.5-T&svm_val%0.5-T&svm_ala%0.5-T&svm_gly%0.5-T&svm_thr%0.5-T&svm_asn%0.5-F&pid%99.865-T&pid%81.3-F&pid%85.21-T&prediCAT_asn%0.5-T&LEAF_NODE-319
0.000	10	svm_leu%0.5-T&svm_ser%0.5-T&svm_val%0.5-T&svm_ala%0.5-T&svm_gly%0.5-T&svm_thr%0.5-T&svm_asn%0.5-T&svm_cys%0.5-T&svm_asp%0.5-T&svm_hpg%0.5-T&svm_pro%0.5-T&svm_tyr%0.5-T&svm_glu%0.5-T&svm_ile%0.5-T&forced_prediCAT_snn50_dpg%0.5-T&forced_prediCAT_snn50_orn%0.5-T&svm_phe%0.5-T&svm_trp%0.5-T&svm_aad%0.5-T&svm_bht%0.5-T&forced_prediCAT_snn50_dab%0.5-T&svm_gln%0.5-T&forced_prediCAT_snn50_lys%0.5-T&svm_arg%0.5-T&svm_pip%0.5-T&pHMM_dhb%0.5-T&pHMM_horn%0.5-T&svm_iva%0.5-F&pid%60.74-T&pid%58.32-F&pid%58.695-T&LEAF_NODE-117
0.000	11	svm_leu%0.5-T&svm_ser%0.5-T&svm_val%0.5-T&svm_ala%0.5-T&svm_gly%0.5-T&svm_thr%0.5-T&svm_asn%0.5-T&svm_cys%0.5-T&svm_asp%0.5-T&svm_hpg%0.5-T&svm_pro%0.5-T&svm_tyr%0.5-F&pid%50.855-F&pid%99.44-F&forced_prediCAT_snn50_tyr%0.5-T&pid%91.94-F&LEAF_NODE-250
0.100	10	svm_leu%0.5-T&svm_ser%0.5-T&svm_val%0.5-T&svm_ala%0.5-T&svm_gly%0.5-T&svm_thr%0.5-T&svm_asn%0.5-T&svm_cys%0.5-F&pid%44.62-T&pid%44.38-T&pid%41.975-F&pid%43.075-F&LEAF_NODE-310
0.862	203	svm_leu%0.5-T&svm_ser%0.5-T&svm_val%0.5-T&svm_ala%0.5-T&svm_gly%0.5-T&svm_thr%0.5-T&svm_asn%0.5-T&svm_cys%0.5-T&svm_asp%0.5-T&svm_hpg%0.5-T&svm_pro%0.5-T&svm_tyr%0.5-T&svm_glu%0.5-T&svm_ile%0.5-T&forced_prediCAT_snn50_dpg%0.5-T&forced_prediCAT_snn50_orn%0.5-T&svm_phe%0.5-T&svm_trp%0.5-T&svm_aad%0.5-T&svm_bht%0.5-T&forced_prediCAT_snn50_dab%0.5-T&svm_gln%0.5-F&forced_prediCAT_snn50_d-gln%0.5-T&svm_lys%0.5-T&LEAF_NODE-143
0.000	1	svm_leu%0.5-T&svm_ser%0.5-T&svm_val%0.5-T&svm_ala%0.5-T&svm_gly%0.5-T&svm_thr%0.5-T&svm_asn%0.5-T&svm_cys%0.5-T&svm_asp%0.5-T&svm_hpg%0.5-F&forced_prediCAT_snn50_hpg%0.5-T&pid%87.34-T&pid%82.605-T&pid%54.595-F&forced_prediCAT_snn50_no_call%0.5-F&LEAF_NODE-284
1.000	10	svm_leu%0.5-T&svm_ser%0.5-F&forced_prediCAT_snn50_d-ser%0.5-T&prediCAT_noh-val%0.5-T&pHMM_noh-val%0.5-T&prediCAT_ser%0.5-T&pid%59.745-F&pid%61.35-T&LEAF_NODE-483
0.000	10	svm_leu%0.5-T&svm_ser%0.5-T&svm_val%0.5-T&svm_ala%0.5-T&svm_gly%0.5-T&svm_thr%0.5-T&svm_asn%0.5-T&svm_cys%0.5-F&pid%44.62-T&pid%44.38-T&pid%41.975-F&pid%43.075-T&LEAF_NODE-309
1.000	13	svm_leu%0.5-T&svm_ser%0.5-T&svm_val%0.5-T&svm_ala%0.5-T&svm_gly%0.5-F&pid%42.775-F&pid%65.3-T&pid%59.975-T&pid%53.675-F&pid%54.715-F&prediCAT_gly%0.5-T&pid%56.175-T&LEAF_NODE-391
0.000	10	svm_leu%0.5-T&svm_ser%0.5-T&svm_val%0.5-T&svm_ala%0.5-T&svm_gly%0.5-T&svm_thr%0.5-T&svm_asn%0.5-T&svm_cys%0.5-F&pid%44.62-T&pid%44.38-T&pid%41.975-T&LEAF_NODE-307
0.900	10	svm_leu%0.5-T&svm_ser%0.5-T&svm_val%0.5-F&pHMM_d-val%0.5-T&forced_prediCAT_snn50_leu%0.5-T&pid%62.145-F&pHMM_leu%0.5-T&pid%96.685-T&pid%77.635-T&pid%69.025-F&pid%70.245-T&LEAF_NODE-453
1.000	9	svm_leu%0.5-T&svm_ser%0.5-T&svm_val%0.5-T&svm_ala%0.5-T&svm_gly%0.5-T&svm_thr%0.5-T&svm_asn%0.5-T&svm_cys%0.5-T&svm_asp%0.5-T&svm_hpg%0.5-T&svm_pro%0.5-T&svm_tyr%0.5-T&svm_glu%0.5-T&svm_ile%0.5-T&forced_prediCAT_snn50_dpg%0.5-T&forced_prediCAT_snn50_orn%0.5-T&svm_phe%0.5-T&svm_trp%0.5-T&svm_aad%0.5-T&svm_bht%0.5-T&forced_prediCAT_snn50_dab%0.5-T&svm_gln%0.5-T&forced_prediCAT_snn50_lys%0.5-T&svm_arg%0.5-T&svm_pip%0.5-T&pHMM_dhb%0.5-T&pHMM_horn%0.5-T&svm_iva%0.5-T&forced_prediCAT_snn50_val%0.5-T&svm_lys%0.5-T&pHMM_orn%0.5-T&pHMM_me-asp%0.5-T&forced_prediCAT_snn50_phe-ac%0.5-T&forced_prediCAT_snn50_ala%0.5-T&forced_prediCAT_snn50_pro%0.5-T&pHMM_cys%0.5-T&pHMM_dhb|sal%0.5-F&forced_prediCAT_snn50_dhb|sal%0.5-T&pid%57.875-T&LEAF_NODE-83
0.957	69	svm_leu%0.5-T&svm_ser%0.5-T&svm_val%0.5-T&svm_ala%0.5-F&forced_prediCAT_snn50_3oh-3me-pro%0.5-T&pHMM_abu|iva%0.5-T&forced_prediCAT_snn50_ala%0.5-F&prediCAT_no_call%0.5-F&LEAF_NODE-416
0.146	103	svm_leu%0.5-T&svm_ser%0.5-T&svm_val%0.5-T&svm_ala%0.5-T&svm_gly%0.5-T&svm_thr%0.5-T&svm_asn%0.5-T&svm_cys%0.5-T&svm_asp%0.5-T&svm_hpg%0.5-T&svm_pro%0.5-T&svm_tyr%0.5-T&svm_glu%0.5-T&svm_ile%0.5-T&forced_prediCAT_snn50_dpg%0.5-T&forced_prediCAT_snn50_orn%0.5-T&svm_phe%0.5-T&svm_trp%0.5-T&svm_aad%0.5-T&svm_bht%0.5-T&forced_prediCAT_snn50_dab%0.5-T&svm_gln%0.5-T&forced_prediCAT_snn50_lys%0.5-T&svm_arg%0.5-T&svm_pip%0.5-T&pHMM_dhb%0.5-T&pHMM_horn%0.5-T&svm_iva%0.5-T&forced_prediCAT_snn50_val%0.5-T&svm_lys%0.5-T&pHMM_orn%0.5-T&pHMM_me-asp%0.5-T&forced_prediCAT_snn50_phe-ac%0.5-T&forced_prediCAT_snn50_ala%0.5-F&pid%86.205-T&LEAF_NODE-87
0.750	8	svm_leu%0.5-F&forced_prediCAT_snn50_val%0.5-T&pHMM_trp%0.5-T&forced_prediCAT_snn50_d-gln%0.5-T&forced_prediCAT_snn50_d-leu%0.5-T&prediCAT_leu%0.5-T&pid%78.495-T&pHMM_abu|iva%0.5-T&pid%56.135-T&pid%47.235-F&pid%51.685-T&LEAF_NODE-517
0.757	37	svm_leu%0.5-T&svm_ser%0.5-T&svm_val%0.5-T&svm_ala%0.5-T&svm_gly%0.5-T&svm_thr%0.5-T&svm_asn%0.5-F&pid%99.865-F&pHMM_asn%0.5-F&LEAF_NODE-324
1.000	11	svm_leu%0.5-T&svm_ser%0.5-T&svm_val%0.5-T&svm_ala%0.5-T&svm_gly%0.5-T&svm_thr%0.5-T&svm_asn%0.5-T&svm_cys%0.5-T&svm_asp%0.5-T&svm_hpg%0.5-T&svm_pro%0.5-T&svm_tyr%0.5-T&svm_glu%0.5-T&svm_ile%0.5-F&pid%69.33-F&pid%95.555-T&pid%80.3-T&pid%75.055-F&forced_prediCAT_snn50_ile%0.5-T&LEAF_NODE-225
1.000	20	svm_leu%0.5-T&svm_ser%0.5-T&svm_val%0.5-T&svm_ala%0.5-T&svm_gly%0.5-T&svm_thr%0.5-T&svm_asn%0.5-T&svm_cys%0.5-T&svm_asp%0.5-T&svm_hpg%0.5-T&svm_pro%0.5-T&svm_tyr%0.5-T&svm_glu%0.5-T&svm_ile%0.5-F&pid%69.33-T&pid%66.74-F&LEAF_NODE-216
0.100	10	svm_leu%0.5-T&svm_ser%0.5-F&forced_prediCAT_snn50_d-ser%0.5-T&prediCAT_noh-val%0.5-T&pHMM_noh-val%0.5-T&prediCAT_ser%0.5-T&pid%59.745-F&pid%61.35-F&pid%67.955-F&pid%72.585-F&forced_prediCAT_snn50_ser%0.5-T&forced_prediCAT_snn50_dpr%0.5-T&LEAF_NODE-491
1.000	23	svm_leu%0.5-T&svm_ser%0.5-T&svm_val%0.5-T&svm_ala%0.5-T&svm_gly%0.5-T&svm_thr%0.5-T&svm_asn%0.5-T&svm_cys%0.5-T&svm_asp%0.5-F&pid%39.865-F&pid%51.875-F&prediCAT_asp%0.5-T&pid%89.41-T&LEAF_NODE-299
1.000	131	svm_leu%0.5-T&svm_ser%0.5-T&svm_val%0.5-T&svm_ala%0.5-T&svm_gly%0.5-T&svm_thr%0.5-T&svm_asn%0.5-F&pid%99.865-T&pid%81.3-T&pHMM_asp%0.5-T&LEAF_NODE-315
1.000	159	svm_leu%0.5-F&forced_prediCAT_snn50_val%0.5-T&pHMM_trp%0.5-T&forced_prediCAT_snn50_d-gln%0.5-T&forced_prediCAT_snn50_d-leu%0.5-T&prediCAT_leu%0.5-F&pid%79.86-T&pid%77.75-T&LEAF_NODE-535
1.000	17	svm_leu%0.5-T&svm_ser%0.5-T&svm_val%0.5-T&svm_ala%0.5-T&svm_gly%0.5-T&svm_thr%0.5-T&svm_asn%0.5-T&svm_cys%0.5-T&svm_asp%0.5-T&svm_hpg%0.5-F&forced_prediCAT_snn50_hpg%0.5-T&pid%87.34-T&pid%82.605-T&pid%54.595-T&pid%48.815-T&LEAF_NODE-281
1.000	29	svm_leu%0.5-T&svm_ser%0.5-T&svm_val%0.5-T&svm_ala%0.5-T&svm_gly%0.5-T&svm_thr%0.5-T&svm_asn%0.5-T&svm_cys%0.5-T&svm_asp%0.5-T&svm_hpg%0.5-T&svm_pro%0.5-T&svm_tyr%0.5-T&svm_glu%0.5-T&svm_ile%0.5-T&forced_prediCAT_snn50_dpg%0.5-T&forced_prediCAT_snn50_orn%0.5-T&svm_phe%0.5-T&svm_trp%0.5-T&svm_aad%0.5-T&svm_bht%0.5-T&forced_prediCAT_snn50_dab%0.5-T&svm_gln%0.5-T&forced_prediCAT_snn50_lys%0.5-T&svm_arg%0.5-T&svm_pip%0.5-T&pHMM_dhb%0.5-T&pHMM_horn%0.5-T&svm_iva%0.5-T&forced_prediCAT_snn50_val%0.5-T&svm_lys%0.5-T&pHMM_orn%0.5-T&pHMM_me-asp%0.5-T&forced_prediCAT_snn50_phe-ac%0.5-T&forced_prediCAT_snn50_ala%0.5-T&forced_prediCAT_snn50_pro%0.5-T&pHMM_cys%0.5-T&pHMM_dhb|sal%0.5-F&forced_prediCAT_snn50_dhb|sal%0.5-F&LEAF_NODE-82
0.692	13	svm_leu%0.5-T&svm_ser%0.5-T&svm_val%0.5-T&svm_ala%0.5-T&svm_gly%0.5-F&pid%42.775-F&pid%65.3-T&pid%59.975-F&prediCAT_gly%0.5-F&LEAF_NODE-394
0.643	14	svm_leu%0.5-T&svm_ser%0.5-T&svm_val%0.5-T&svm_ala%0.5-T&svm_gly%0.5-F&pid%42.775-F&pid%65.3-T&pid%59.975-F&prediCAT_gly%0.5-T&pid%62.245-T&LEAF_NODE-395
1.000	9	svm_leu%0.5-T&svm_ser%0.5-T&svm_val%0.5-T&svm_ala%0.5-F&forced_prediCAT_snn50_3oh-3me-pro%0.5-T&pHMM_abu|iva%0.5-T&forced_prediCAT_snn50_ala%0.5-T&pid%70.595-T&pid%62.82-T&pid%62.55-F&LEAF_NODE-408
1.000	28	svm_leu%0.5-T&svm_ser%0.5-T&svm_val%0.5-F&pHMM_d-val%0.5-F&pid%88.285-F&pid%95.785-F&prediCAT_d-val%0.5-F&LEAF_NODE-472
1.000	90	svm_leu%0.5-T&svm_ser%0.5-T&svm_val%0.5-T&svm_ala%0.5-T&svm_gly%0.5-T&svm_thr%0.5-T&svm_asn%0.5-T&svm_cys%0.5-T&svm_asp%0.5-T&svm_hpg%0.5-T&svm_pro%0.5-T&svm_tyr%0.5-T&svm_glu%0.5-T&svm_ile%0.5-T&forced_prediCAT_snn50_dpg%0.5-T&forced_prediCAT_snn50_orn%0.5-T&svm_phe%0.5-T&svm_trp%0.5-T&svm_aad%0.5-F&pHMM_me-asp%0.5-T&pHMM_aad%0.5-F&LEAF_NODE-180
0.952	168	svm_leu%0.5-T&svm_ser%0.5-T&svm_val%0.5-T&svm_ala%0.5-T&svm_gly%0.5-T&svm_thr%0.5-T&svm_asn%0.5-T&svm_cys%0.5-T&svm_asp%0.5-T&svm_hpg%0.5-T&svm_pro%0.5-T&svm_tyr%0.5-F&pid%50.855-F&pid%99.44-T&pHMM_gly%0.5-T&pid%49.525-F&LEAF_NODE-246
1.000	16	svm_leu%0.5-T&svm_ser%0.5-T&svm_val%0.5-T&svm_ala%0.5-T&svm_gly%0.5-T&svm_thr%0.5-T&svm_asn%0.5-T&svm_cys%0.5-T&svm_asp%0.5-T&svm_hpg%0.5-T&svm_pro%0.5-F&forced_prediCAT_snn50_pro|me-pro%0.5-F&LEAF_NODE-260
1.000	3	svm_leu%0.5-T&svm_ser%0.5-T&svm_val%0.5-T&svm_ala%0.5-T&svm_gly%0.5-T&svm_thr%0.5-F&forced_prediCAT_snn50_dhab|dht%0.5-T&forced_prediCAT_snn50_dhabu%0.5-T&forced_prediCAT_snn50_d-athr%0.5-T&forced_prediCAT_snn50_deoxy-thr%0.5-T&pid%78.255-T&prediCAT_thr%0.5-T&pid%75.49-F&LEAF_NODE-338
0.647	17	svm_leu%0.5-T&svm_ser%0.5-T&svm_val%0.5-T&svm_ala%0.5-T&svm_gly%0.5-T&svm_thr%0.5-F&forced_prediCAT_snn50_dhab|dht%0.5-T&forced_prediCAT_snn50_dhabu%0.5-T&forced_prediCAT_snn50_d-athr%0.5-T&forced_prediCAT_snn50_deoxy-thr%0.5-T&pid%78.255-T&prediCAT_thr%0.5-F&pid%56.505-F&pid%60.46-F&pid%63.25-F&pid%67.415-T&LEAF_NODE-367
0.333	6	svm_leu%0.5-T&svm_ser%0.5-T&svm_val%0.5-T&svm_ala%0.5-F&forced_prediCAT_snn50_3oh-3me-pro%0.5-T&pHMM_abu|iva%0.5-T&forced_prediCAT_snn50_ala%0.5-T&pid%70.595-T&pid%62.82-T&pid%62.55-T&pid%55.655-T&pid%47.94-F&LEAF_NODE-412
0.000	3	svm_leu%0.5-T&svm_ser%0.5-T&svm_val%0.5-T&svm_ala%0.5-T&svm_gly%0.5-T&svm_thr%0.5-T&svm_asn%0.5-T&svm_cys%0.5-T&svm_asp%0.5-T&svm_hpg%0.5-T&svm_pro%0.5-T&svm_tyr%0.5-T&svm_glu%0.5-T&svm_ile%0.5-T&forced_prediCAT_snn50_dpg%0.5-T&forced_prediCAT_snn50_orn%0.5-T&svm_phe%0.5-T&svm_trp%0.5-T&svm_aad%0.5-T&svm_bht%0.5-T&forced_prediCAT_snn50_dab%0.5-T&svm_gln%0.5-T&forced_prediCAT_snn50_lys%0.5-T&svm_arg%0.5-T&svm_pip%0.5-T&pHMM_dhb%0.5-T&pHMM_horn%0.5-T&svm_iva%0.5-T&forced_prediCAT_snn50_val%0.5-T&svm_lys%0.5-T&pHMM_orn%0.5-F&svm_no_call%0.5-F&pid%63.005-T&pid%54.505-T&pid%50.985-F&pid%52.42-T&LEAF_NODE-99
1.000	227	svm_leu%0.5-T&svm_ser%0.5-T&svm_val%0.5-T&svm_ala%0.5-T&svm_gly%0.5-T&svm_thr%0.5-T&svm_asn%0.5-T&svm_cys%0.5-F&pid%44.62-F&LEAF_NODE-304
0.727	11	svm_leu%0.5-T&svm_ser%0.5-T&svm_val%0.5-T&svm_ala%0.5-T&svm_gly%0.5-T&svm_thr%0.5-F&forced_prediCAT_snn50_dhab|dht%0.5-T&forced_prediCAT_snn50_dhabu%0.5-T&forced_prediCAT_snn50_d-athr%0.5-T&forced_prediCAT_snn50_deoxy-thr%0.5-T&pid%78.255-T&prediCAT_thr%0.5-T&pid%75.49-T&pid%62.49-F&pid%69.68-T&pid%65.85-T&pHMM_thr%0.5-F&LEAF_NODE-360
0.615	13	svm_leu%0.5-T&svm_ser%0.5-T&svm_val%0.5-T&svm_ala%0.5-F&forced_prediCAT_snn50_3oh-3me-pro%0.5-T&pHMM_abu|iva%0.5-F&LEAF_NODE-400
0.136	22	svm_leu%0.5-F&forced_prediCAT_snn50_val%0.5-T&pHMM_trp%0.5-T&forced_prediCAT_snn50_d-gln%0.5-T&forced_prediCAT_snn50_d-leu%0.5-F&LEAF_NODE-506
0.556	18	svm_leu%0.5-T&svm_ser%0.5-T&svm_val%0.5-T&svm_ala%0.5-T&svm_gly%0.5-F&pid%42.775-T&LEAF_NODE-379
0.857	14	svm_leu%0.5-F&forced_prediCAT_snn50_val%0.5-T&pHMM_trp%0.5-T&forced_prediCAT_snn50_d-gln%0.5-T&forced_prediCAT_snn50_d-leu%0.5-T&prediCAT_leu%0.5-T&pid%78.495-F&pid%81.375-F&pid%96.84-T&pid%83.265-F&pid%88.97-F&LEAF_NODE-532
0.900	10	svm_leu%0.5-T&svm_ser%0.5-T&svm_val%0.5-T&svm_ala%0.5-T&svm_gly%0.5-T&svm_thr%0.5-T&svm_asn%0.5-T&svm_cys%0.5-T&svm_asp%0.5-T&svm_hpg%0.5-T&svm_pro%0.5-T&svm_tyr%0.5-T&svm_glu%0.5-T&svm_ile%0.5-T&forced_prediCAT_snn50_dpg%0.5-T&forced_prediCAT_snn50_orn%0.5-T&svm_phe%0.5-T&svm_trp%0.5-T&svm_aad%0.5-T&svm_bht%0.5-T&forced_prediCAT_snn50_dab%0.5-T&svm_gln%0.5-T&forced_prediCAT_snn50_lys%0.5-T&svm_arg%0.5-T&svm_pip%0.5-T&pHMM_dhb%0.5-T&pHMM_horn%0.5-T&svm_iva%0.5-F&pid%60.74-T&pid%58.32-T&pid%57.68-F&LEAF_NODE-116
1.000	10	svm_leu%0.5-T&svm_ser%0.5-T&svm_val%0.5-F&pHMM_d-val%0.5-T&forced_prediCAT_snn50_leu%0.5-T&pid%62.145-T&pid%54.76-T&pid%46.865-T&pid%44.89-T&pid%41.025-F&pid%44.35-F&LEAF_NODE-434
0.125	24	svm_leu%0.5-F&forced_prediCAT_snn50_val%0.5-T&pHMM_trp%0.5-T&forced_prediCAT_snn50_d-gln%0.5-T&forced_prediCAT_snn50_d-leu%0.5-T&prediCAT_leu%0.5-T&pid%78.495-F&pid%81.375-F&pid%96.84-T&pid%83.265-F&pid%88.97-T&LEAF_NODE-531
1.000	71	svm_leu%0.5-F&forced_prediCAT_snn50_val%0.5-T&pHMM_trp%0.5-T&forced_prediCAT_snn50_d-gln%0.5-T&forced_prediCAT_snn50_d-leu%0.5-T&prediCAT_leu%0.5-F&pid%79.86-F&pid%93.985-T&pid%90.735-T&LEAF_NODE-539
1.000	25	svm_leu%0.5-T&svm_ser%0.5-F&forced_prediCAT_snn50_d-ser%0.5-F&LEAF_NODE-474
1.000	45	svm_leu%0.5-T&svm_ser%0.5-T&svm_val%0.5-F&pHMM_d-val%0.5-T&forced_prediCAT_snn50_leu%0.5-T&pid%62.145-F&pHMM_leu%0.5-T&pid%96.685-T&pid%77.635-T&pid%69.025-F&pid%70.245-F&LEAF_NODE-454
0.824	17	svm_leu%0.5-T&svm_ser%0.5-T&svm_val%0.5-T&svm_ala%0.5-T&svm_gly%0.5-T&svm_thr%0.5-T&svm_asn%0.5-T&svm_cys%0.5-T&svm_asp%0.5-F&pid%39.865-F&pid%51.875-T&pid%50.045-T&LEAF_NODE-295
1.000	26	svm_leu%0.5-T&svm_ser%0.5-T&svm_val%0.5-T&svm_ala%0.5-T&svm_gly%0.5-T&svm_thr%0.5-T&svm_asn%0.5-T&svm_cys%0.5-T&svm_asp%0.5-T&svm_hpg%0.5-F&forced_prediCAT_snn50_hpg%0.5-F&pid%91.23-T&LEAF_NODE-289
0.700	10	svm_leu%0.5-T&svm_ser%0.5-T&svm_val%0.5-T&svm_ala%0.5-T&svm_gly%0.5-T&svm_thr%0.5-T&svm_asn%0.5-T&svm_cys%0.5-T&svm_asp%0.5-T&svm_hpg%0.5-F&forced_prediCAT_snn50_hpg%0.5-T&pid%87.34-T&pid%82.605-F&pid%84.3-T&LEAF_NODE-285
0.942	171	svm_leu%0.5-T&svm_ser%0.5-T&svm_val%0.5-F&pHMM_d-val%0.5-T&forced_prediCAT_snn50_leu%0.5-T&pid%62.145-F&pHMM_leu%0.5-T&pid%96.685-F&pid%98.885-F&prediCAT_val%0.5-F&LEAF_NODE-464
0.750	4	svm_leu%0.5-T&svm_ser%0.5-T&svm_val%0.5-T&svm_ala%0.5-T&svm_gly%0.5-T&svm_thr%0.5-T&svm_asn%0.5-T&svm_cys%0.5-T&svm_asp%0.5-T&svm_hpg%0.5-T&svm_pro%0.5-T&svm_tyr%0.5-T&svm_glu%0.5-T&svm_ile%0.5-T&forced_prediCAT_snn50_dpg%0.5-T&forced_prediCAT_snn50_orn%0.5-T&svm_phe%0.5-T&svm_trp%0.5-T&svm_aad%0.5-T&svm_bht%0.5-T&forced_prediCAT_snn50_dab%0.5-T&svm_gln%0.5-T&forced_prediCAT_snn50_lys%0.5-F&pHMM_ser%0.5-F&pid%88.79-T&LEAF_NODE-167
1.000	46	svm_leu%0.5-T&svm_ser%0.5-T&svm_val%0.5-T&svm_ala%0.5-T&svm_gly%0.5-T&svm_thr%0.5-T&svm_asn%0.5-T&svm_cys%0.5-T&svm_asp%0.5-T&svm_hpg%0.5-T&svm_pro%0.5-T&svm_tyr%0.5-F&pid%50.855-F&pid%99.44-F&forced_prediCAT_snn50_tyr%0.5-F&LEAF_NODE-248
0.545	11	svm_leu%0.5-F&forced_prediCAT_snn50_val%0.5-T&pHMM_trp%0.5-F&pid%57.175-T&LEAF_NODE-541
1.000	10	svm_leu%0.5-T&svm_ser%0.5-T&svm_val%0.5-F&pHMM_d-val%0.5-T&forced_prediCAT_snn50_leu%0.5-T&pid%62.145-T&pid%54.76-F&pid%57.57-F&pid%58.8-T&LEAF_NODE-441
1.000	26	svm_leu%0.5-T&svm_ser%0.5-T&svm_val%0.5-T&svm_ala%0.5-T&svm_gly%0.5-T&svm_thr%0.5-T&svm_asn%0.5-T&svm_cys%0.5-T&svm_asp%0.5-T&svm_hpg%0.5-T&svm_pro%0.5-T&svm_tyr%0.5-T&svm_glu%0.5-T&svm_ile%0.5-T&forced_prediCAT_snn50_dpg%0.5-T&forced_prediCAT_snn50_orn%0.5-T&svm_phe%0.5-T&svm_trp%0.5-T&svm_aad%0.5-T&svm_bht%0.5-T&forced_prediCAT_snn50_dab%0.5-T&svm_gln%0.5-T&forced_prediCAT_snn50_lys%0.5-T&svm_arg%0.5-T&svm_pip%0.5-T&pHMM_dhb%0.5-T&pHMM_horn%0.5-T&svm_iva%0.5-T&forced_prediCAT_snn50_val%0.5-T&svm_lys%0.5-T&pHMM_orn%0.5-T&pHMM_me-asp%0.5-F&LEAF_NODE-64
0.900	10	svm_leu%0.5-T&svm_ser%0.5-T&svm_val%0.5-F&pHMM_d-val%0.5-F&pid%88.285-F&pid%95.785-T&pid%95.68-F&LEAF_NODE-470
1.000	22	svm_leu%0.5-T&svm_ser%0.5-T&svm_val%0.5-T&svm_ala%0.5-T&svm_gly%0.5-T&svm_thr%0.5-T&svm_asn%0.5-T&svm_cys%0.5-T&svm_asp%0.5-T&svm_hpg%0.5-T&svm_pro%0.5-F&forced_prediCAT_snn50_pro|me-pro%0.5-T&forced_prediCAT_snn50_d-pro%0.5-F&pHMM_pro%0.5-F&LEAF_NODE-272
1.000	17	svm_leu%0.5-T&svm_ser%0.5-T&svm_val%0.5-F&pHMM_d-val%0.5-T&forced_prediCAT_snn50_leu%0.5-T&pid%62.145-T&pid%54.76-T&pid%46.865-F&pHMM_val%0.5-F&pid%53.065-F&LEAF_NODE-438
0.000	10	svm_leu%0.5-T&svm_ser%0.5-T&svm_val%0.5-T&svm_ala%0.5-T&svm_gly%0.5-T&svm_thr%0.5-T&svm_asn%0.5-T&svm_cys%0.5-T&svm_asp%0.5-T&svm_hpg%0.5-T&svm_pro%0.5-T&svm_tyr%0.5-T&svm_glu%0.5-T&svm_ile%0.5-T&forced_prediCAT_snn50_dpg%0.5-T&forced_prediCAT_snn50_orn%0.5-T&svm_phe%0.5-T&svm_trp%0.5-T&svm_aad%0.5-T&svm_bht%0.5-T&forced_prediCAT_snn50_dab%0.5-T&svm_gln%0.5-T&forced_prediCAT_snn50_lys%0.5-T&svm_arg%0.5-T&svm_pip%0.5-T&pHMM_dhb%0.5-T&pHMM_horn%0.5-T&svm_iva%0.5-F&pid%60.74-T&pid%58.32-F&pid%58.695-F&pid%58.84-F&pid%60.335-T&LEAF_NODE-121
1.000	10	svm_leu%0.5-T&svm_ser%0.5-T&svm_val%0.5-T&svm_ala%0.5-T&svm_gly%0.5-T&svm_thr%0.5-F&forced_prediCAT_snn50_dhab|dht%0.5-T&forced_prediCAT_snn50_dhabu%0.5-T&forced_prediCAT_snn50_d-athr%0.5-T&forced_prediCAT_snn50_deoxy-thr%0.5-T&pid%78.255-T&prediCAT_thr%0.5-F&pid%56.505-T&LEAF_NODE-361
1.000	40	svm_leu%0.5-T&svm_ser%0.5-F&forced_prediCAT_snn50_d-ser%0.5-T&prediCAT_noh-val%0.5-T&pHMM_noh-val%0.5-T&prediCAT_ser%0.5-T&pid%59.745-F&pid%61.35-F&pid%67.955-T&LEAF_NODE-485
0.867	15	svm_leu%0.5-T&svm_ser%0.5-T&svm_val%0.5-F&pHMM_d-val%0.5-F&pid%88.285-F&pid%95.785-T&pid%95.68-T&LEAF_NODE-469
1.000	17	svm_leu%0.5-T&svm_ser%0.5-T&svm_val%0.5-T&svm_ala%0.5-T&svm_gly%0.5-T&svm_thr%0.5-F&forced_prediCAT_snn50_dhab|dht%0.5-T&forced_prediCAT_snn50_dhabu%0.5-T&forced_prediCAT_snn50_d-athr%0.5-T&forced_prediCAT_snn50_deoxy-thr%0.5-T&pid%78.255-T&prediCAT_thr%0.5-T&pid%75.49-T&pid%62.49-F&pid%69.68-F&LEAF_NODE-356
0.455	11	svm_leu%0.5-T&svm_ser%0.5-T&svm_val%0.5-T&svm_ala%0.5-T&svm_gly%0.5-T&svm_thr%0.5-T&svm_asn%0.5-T&svm_cys%0.5-T&svm_asp%0.5-T&svm_hpg%0.5-T&svm_pro%0.5-T&svm_tyr%0.5-T&svm_glu%0.5-T&svm_ile%0.5-T&forced_prediCAT_snn50_dpg%0.5-T&forced_prediCAT_snn50_orn%0.5-T&svm_phe%0.5-F&forced_prediCAT_snn50_kyn%0.5-T&pHMM_gly%0.5-T&pid%60.43-F&pid%91.94-F&prediCAT_phe%0.5-T&LEAF_NODE-211
0.529	17	svm_leu%0.5-T&svm_ser%0.5-F&forced_prediCAT_snn50_d-ser%0.5-T&prediCAT_noh-val%0.5-T&pHMM_noh-val%0.5-F&LEAF_NODE-478
0.789	19	svm_leu%0.5-T&svm_ser%0.5-T&svm_val%0.5-T&svm_ala%0.5-T&svm_gly%0.5-T&svm_thr%0.5-T&svm_asn%0.5-T&svm_cys%0.5-T&svm_asp%0.5-T&svm_hpg%0.5-T&svm_pro%0.5-T&svm_tyr%0.5-T&svm_glu%0.5-T&svm_ile%0.5-T&forced_prediCAT_snn50_dpg%0.5-T&forced_prediCAT_snn50_orn%0.5-T&svm_phe%0.5-T&svm_trp%0.5-F&forced_prediCAT_snn50_trp%0.5-T&pid%83.01-T&pid%58.47-T&pid%53.675-T&pid%48.91-F&LEAF_NODE-192
0.750	8	svm_leu%0.5-T&svm_ser%0.5-T&svm_val%0.5-F&pHMM_d-val%0.5-T&forced_prediCAT_snn50_leu%0.5-T&pid%62.145-T&pid%54.76-T&pid%46.865-F&pHMM_val%0.5-T&LEAF_NODE-435
0.824	17	svm_leu%0.5-T&svm_ser%0.5-T&svm_val%0.5-T&svm_ala%0.5-T&svm_gly%0.5-T&svm_thr%0.5-T&svm_asn%0.5-T&svm_cys%0.5-T&svm_asp%0.5-T&svm_hpg%0.5-T&svm_pro%0.5-T&svm_tyr%0.5-T&svm_glu%0.5-T&svm_ile%0.5-T&forced_prediCAT_snn50_dpg%0.5-T&forced_prediCAT_snn50_orn%0.5-T&svm_phe%0.5-F&forced_prediCAT_snn50_kyn%0.5-T&pHMM_gly%0.5-T&pid%60.43-T&pid%56.865-T&pid%44.71-T&LEAF_NODE-201
0.462	13	svm_leu%0.5-T&svm_ser%0.5-T&svm_val%0.5-T&svm_ala%0.5-T&svm_gly%0.5-T&svm_thr%0.5-T&svm_asn%0.5-T&svm_cys%0.5-T&svm_asp%0.5-T&svm_hpg%0.5-T&svm_pro%0.5-T&svm_tyr%0.5-T&svm_glu%0.5-T&svm_ile%0.5-T&forced_prediCAT_snn50_dpg%0.5-T&forced_prediCAT_snn50_orn%0.5-T&svm_phe%0.5-T&svm_trp%0.5-T&svm_aad%0.5-T&svm_bht%0.5-T&forced_prediCAT_snn50_dab%0.5-T&svm_gln%0.5-T&forced_prediCAT_snn50_lys%0.5-T&svm_arg%0.5-T&svm_pip%0.5-T&pHMM_dhb%0.5-T&pHMM_horn%0.5-T&svm_iva%0.5-T&forced_prediCAT_snn50_val%0.5-T&svm_lys%0.5-F&pid%39.455-F&pid%58.555-F&LEAF_NODE-104
1.000	18	svm_leu%0.5-T&svm_ser%0.5-T&svm_val%0.5-T&svm_ala%0.5-F&forced_prediCAT_snn50_3oh-3me-pro%0.5-T&pHMM_abu|iva%0.5-T&forced_prediCAT_snn50_ala%0.5-T&pid%70.595-T&pid%62.82-T&pid%62.55-T&pid%55.655-T&pid%47.94-T&LEAF_NODE-411
1.000	10	svm_leu%0.5-T&svm_ser%0.5-T&svm_val%0.5-T&svm_ala%0.5-T&svm_gly%0.5-T&svm_thr%0.5-T&svm_asn%0.5-T&svm_cys%0.5-T&svm_asp%0.5-T&svm_hpg%0.5-T&svm_pro%0.5-T&svm_tyr%0.5-T&svm_glu%0.5-T&svm_ile%0.5-T&forced_prediCAT_snn50_dpg%0.5-T&forced_prediCAT_snn50_orn%0.5-T&svm_phe%0.5-T&svm_trp%0.5-T&svm_aad%0.5-T&svm_bht%0.5-T&forced_prediCAT_snn50_dab%0.5-T&svm_gln%0.5-T&forced_prediCAT_snn50_lys%0.5-T&svm_arg%0.5-T&svm_pip%0.5-T&pHMM_dhb%0.5-T&pHMM_horn%0.5-T&svm_iva%0.5-F&pid%60.74-T&pid%58.32-F&pid%58.695-F&pid%58.84-T&LEAF_NODE-119
1.000	18	svm_leu%0.5-T&svm_ser%0.5-T&svm_val%0.5-T&svm_ala%0.5-T&svm_gly%0.5-T&svm_thr%0.5-T&svm_asn%0.5-T&svm_cys%0.5-T&svm_asp%0.5-T&svm_hpg%0.5-T&svm_pro%0.5-T&svm_tyr%0.5-T&svm_glu%0.5-T&svm_ile%0.5-T&forced_prediCAT_snn50_dpg%0.5-T&forced_prediCAT_snn50_orn%0.5-T&svm_phe%0.5-T&svm_trp%0.5-T&svm_aad%0.5-T&svm_bht%0.5-T&forced_prediCAT_snn50_dab%0.5-T&svm_gln%0.5-T&forced_prediCAT_snn50_lys%0.5-T&svm_arg%0.5-T&svm_pip%0.5-T&pHMM_dhb%0.5-T&pHMM_horn%0.5-T&svm_iva%0.5-T&forced_prediCAT_snn50_val%0.5-T&svm_lys%0.5-T&pHMM_orn%0.5-T&pHMM_me-asp%0.5-T&forced_prediCAT_snn50_phe-ac%0.5-T&forced_prediCAT_snn50_ala%0.5-T&forced_prediCAT_snn50_pro%0.5-T&pHMM_cys%0.5-T&pHMM_dhb|sal%0.5-T&prediCAT_4oh-pro%0.5-T&prediCAT_3oh-pro|3oh-4me-pro%0.5-T&prediCAT_4oh-5oh-orn%0.5-F&LEAF_NODE-80
0.800	5	svm_leu%0.5-T&svm_ser%0.5-T&svm_val%0.5-T&svm_ala%0.5-T&svm_gly%0.5-T&svm_thr%0.5-T&svm_asn%0.5-T&svm_cys%0.5-T&svm_asp%0.5-T&svm_hpg%0.5-T&svm_pro%0.5-T&svm_tyr%0.5-T&svm_glu%0.5-T&svm_ile%0.5-T&forced_prediCAT_snn50_dpg%0.5-T&forced_prediCAT_snn50_orn%0.5-T&svm_phe%0.5-T&svm_trp%0.5-F&forced_prediCAT_snn50_trp%0.5-T&pid%83.01-T&pid%58.47-F&LEAF_NODE-188
1.000	22	svm_leu%0.5-T&svm_ser%0.5-T&svm_val%0.5-T&svm_ala%0.5-T&svm_gly%0.5-T&svm_thr%0.5-T&svm_asn%0.5-T&svm_cys%0.5-T&svm_asp%0.5-T&svm_hpg%0.5-T&svm_pro%0.5-T&svm_tyr%0.5-T&svm_glu%0.5-F&pid%50.79-T&pid%73.385-T&LEAF_NODE-235
1.000	18	svm_leu%0.5-T&svm_ser%0.5-T&svm_val%0.5-T&svm_ala%0.5-T&svm_gly%0.5-T&svm_thr%0.5-F&forced_prediCAT_snn50_dhab|dht%0.5-T&forced_prediCAT_snn50_dhabu%0.5-T&forced_prediCAT_snn50_d-athr%0.5-T&forced_prediCAT_snn50_deoxy-thr%0.5-T&pid%78.255-T&prediCAT_thr%0.5-T&pid%75.49-T&pid%62.49-T&pid%60.465-F&pid%61.79-F&LEAF_NODE-354
1.000	6	svm_leu%0.5-T&svm_ser%0.5-T&svm_val%0.5-T&svm_ala%0.5-T&svm_gly%0.5-T&svm_thr%0.5-T&svm_asn%0.5-T&svm_cys%0.5-T&svm_asp%0.5-T&svm_hpg%0.5-T&svm_pro%0.5-T&svm_tyr%0.5-T&svm_glu%0.5-T&svm_ile%0.5-T&forced_prediCAT_snn50_dpg%0.5-T&forced_prediCAT_snn50_orn%0.5-T&svm_phe%0.5-T&svm_trp%0.5-T&svm_aad%0.5-T&svm_bht%0.5-T&forced_prediCAT_snn50_dab%0.5-T&svm_gln%0.5-T&forced_prediCAT_snn50_lys%0.5-T&svm_arg%0.5-T&svm_pip%0.5-T&pHMM_dhb%0.5-T&pHMM_horn%0.5-T&svm_iva%0.5-T&forced_prediCAT_snn50_val%0.5-T&svm_lys%0.5-T&pHMM_orn%0.5-F&svm_no_call%0.5-F&pid%63.005-T&pid%54.505-T&pid%50.985-F&pid%52.42-F&LEAF_NODE-100
0.882	17	svm_leu%0.5-T&svm_ser%0.5-T&svm_val%0.5-F&pHMM_d-val%0.5-T&forced_prediCAT_snn50_leu%0.5-T&pid%62.145-F&pHMM_leu%0.5-T&pid%96.685-T&pid%77.635-F&pid%79.115-F&pHMM_val%0.5-T&pid%80.585-F&LEAF_NODE-460
0.944	18	svm_leu%0.5-T&svm_ser%0.5-T&svm_val%0.5-T&svm_ala%0.5-T&svm_gly%0.5-T&svm_thr%0.5-T&svm_asn%0.5-F&pid%99.865-T&pid%81.3-F&pid%85.21-F&prediCAT_no_call%0.5-F&LEAF_NODE-322
1.000	51	svm_leu%0.5-F&forced_prediCAT_snn50_val%0.5-T&pHMM_trp%0.5-T&forced_prediCAT_snn50_d-gln%0.5-T&forced_prediCAT_snn50_d-leu%0.5-T&prediCAT_leu%0.5-T&pid%78.495-T&pHMM_abu|iva%0.5-T&pid%56.135-F&pid%68.435-T&pid%67.87-T&LEAF_NODE-521
